YEAR,MONTH,DAY,HOUR,MINUTE,SECOND,EQ_PRIMARY,COUNTRY,STATE,LATITUDE,LONGITUDE,DEATHS,Depth
1999,1.0,25.0,18.0,19.0,16.8,6.2,COLOMBIA,no info,4.461,-75.72399999999999,1185.0,17.0
1999,2.0,1.0,23.0,57.0,52.9,3.2,RUSSIA,no info,42.961999999999996,46.95399999999999,0.0,33.0
1999,2.0,2.0,13.0,45.0,16.8,4.8,SPAIN,no info,38.193000000000005,-1.5659999999999998,0.0,10.0
1999,2.0,11.0,14.0,8.0,51.6,6.0,AFGHANISTAN,no info,34.259,69.36399999999999,70.0,33.0
1999,3.0,4.0,5.0,38.0,26.5,6.6,IRAN,no info,28.343000000000004,57.193000000000005,1.0,33.0
1999,3.0,11.0,13.0,18.0,9.3,5.1,CHINA,no info,41.131,114.65799999999999,0.0,33.0
1999,3.0,28.0,19.0,5.0,11.0,6.6,INDIA,no info,30.511999999999997,79.403,100.0,15.0
1999,4.0,3.0,6.0,17.0,18.3,6.8,PERU,no info,-16.66,-72.66199999999999,1.0,87.0
1999,5.0,6.0,23.0,0.0,53.1,6.2,IRAN,no info,29.500999999999998,51.88,26.0,33.0
1999,6.0,4.0,9.0,12.0,50.0,5.4,AZERBAIJAN,no info,40.802,47.448,1.0,33.0
1999,6.0,15.0,20.0,42.0,5.9,7.0,MEXICO,no info,18.386,-97.436,20.0,70.0
1999,6.0,21.0,17.0,43.0,4.5,6.3,MEXICO,no info,18.324,-101.539,0.0,69.0
1999,7.0,11.0,14.0,14.0,16.5,6.7,GUATEMALA,no info,15.782,-88.33,2.0,10.0
1999,7.0,22.0,10.0,42.0,11.7,4.2,BANGLADESH,no info,21.544,91.895,6.0,10.0
1999,8.0,17.0,0.0,1.0,39.1,7.6,TURKEY,no info,40.76,29.97,17118.0,13.0
1999,8.0,31.0,8.0,10.0,49.5,5.2,TURKEY,no info,40.711,29.949,1.0,10.0
1999,9.0,7.0,11.0,56.0,49.3,6.0,GREECE,no info,38.119,23.605,143.0,10.0
1999,9.0,13.0,11.0,55.0,28.1,5.8,TURKEY,no info,40.709,30.045,7.0,13.0
1999,9.0,20.0,17.0,47.0,18.4,7.7,TAIWAN,no info,23.772,120.98200000000001,2297.0,33.0
1999,9.0,25.0,23.0,52.0,48.6,6.5,TAIWAN,no info,23.738000000000003,121.15799999999999,0.0,17.0
1999,9.0,30.0,16.0,31.0,15.6,7.5,MEXICO,no info,16.059,-96.931,35.0,61.0
1999,10.0,16.0,9.0,46.0,44.1,7.2,USA,CA,34.594,-116.271,0.0,0.0
1999,10.0,22.0,2.0,18.0,58.5,5.9,TAIWAN,no info,23.445,120.506,1.0,33.0
1999,10.0,31.0,13.0,27.0,42.4,4.4,PERU,no info,-13.64,-74.43,0.0,62.0
1999,11.0,1.0,13.0,25.0,16.5,5.3,CHINA,no info,39.899,113.98299999999999,0.0,10.0
1999,11.0,11.0,14.0,41.0,25.6,5.7,TURKEY,no info,40.744,30.266,2.0,22.0
1999,11.0,12.0,16.0,57.0,19.5,7.2,TURKEY,no info,40.758,31.160999999999998,894.0,10.0
1999,11.0,24.0,16.0,40.0,21.2,4.6,CHINA,no info,24.589000000000002,102.87200000000001,1.0,33.0
1999,11.0,26.0,4.0,27.0,24.7,5.3,IRAN,no info,36.92,54.9,0.0,33.0
1999,11.0,26.0,13.0,21.0,15.5,7.5,VANUATU,no info,-16.423,168.21400000000003,5.0,33.0
1999,11.0,29.0,4.0,10.0,40.9,5.0,CHINA,no info,40.459,122.889,0.0,10.0
1999,12.0,3.0,17.0,6.0,54.7,5.7,TURKEY,no info,40.358000000000004,42.346000000000004,1.0,19.0
1999,12.0,11.0,18.0,3.0,36.4,7.3,PHILIPPINES,no info,15.765999999999998,119.74,5.0,33.0
1999,12.0,21.0,14.0,14.0,57.6,6.5,INDONESIA,no info,-6.845,105.555,5.0,56.0
1999,12.0,22.0,17.0,36.0,56.2,5.6,ALGERIA,no info,35.321,-1.281,24.0,10.0
2000,1.0,3.0,22.0,34.0,12.6,4.6,INDIA,no info,22.131999999999998,92.771,0.0,33.0
2000,1.0,11.0,23.0,43.0,56.4,5.1,CHINA,no info,40.498000000000005,122.994,0.0,10.0
2000,1.0,14.0,23.0,37.0,7.8,5.9,CHINA,no info,25.607,101.06299999999999,5.0,33.0
2000,2.0,2.0,22.0,58.0,1.5,5.3,IRAN,no info,35.288000000000004,58.218,1.0,33.0
2000,2.0,7.0,19.0,34.0,57.0,4.5,SOUTH AFRICA,no info,-26.288,30.888,0.0,5.0
2000,3.0,28.0,11.0,0.0,22.5,7.6,JAPAN,no info,22.338,143.73,0.0,127.0
2000,4.0,5.0,4.0,36.0,58.8,5.5,GREECE,no info,34.22,25.69,0.0,38.0
2000,5.0,4.0,4.0,21.0,16.2,7.6,INDONESIA,no info,-1.105,123.573,46.0,26.0
2000,5.0,7.0,23.0,10.0,54.1,4.1,TURKEY,no info,38.164,38.777,0.0,5.0
2000,5.0,17.0,3.0,25.0,48.7,5.4,TAIWAN,no info,24.223000000000003,121.05799999999999,3.0,10.0
2000,6.0,4.0,16.0,28.0,26.1,7.9,INDONESIA,no info,-4.721,102.087,103.0,33.0
2000,6.0,6.0,2.0,41.0,49.8,6.0,TURKEY,no info,40.693000000000005,32.992,2.0,10.0
2000,6.0,7.0,21.0,46.0,55.9,6.3,CHINA,no info,26.855999999999998,97.238,0.0,33.0
2000,6.0,7.0,23.0,45.0,26.6,6.7,INDONESIA,no info,-4.612,101.905,1.0,33.0
2000,6.0,10.0,18.0,23.0,29.3,6.4,TAIWAN,no info,23.843000000000004,121.225,2.0,33.0
2000,6.0,17.0,15.0,40.0,41.7,6.5,ICELAND,no info,63.966,-20.487,0.0,10.0
2000,6.0,18.0,14.0,44.0,13.3,7.9,AUSTRALIA,no info,-13.802,97.45299999999999,0.0,10.0
2000,6.0,21.0,0.0,51.0,46.8,6.5,ICELAND,no info,63.98,-20.758000000000003,0.0,10.0
2000,7.0,1.0,7.0,1.0,55.5,6.1,JAPAN,no info,34.221,139.131,1.0,10.0
2000,7.0,6.0,19.0,30.0,20.3,5.4,NICARAGUA,no info,11.884,-85.988,7.0,33.0
2000,7.0,12.0,1.0,10.0,42.6,5.4,INDONESIA,no info,-6.675,106.845,0.0,33.0
2000,7.0,15.0,1.0,30.0,30.5,6.1,JAPAN,no info,34.319,139.26,0.0,10.0
2000,7.0,16.0,3.0,21.0,45.5,6.4,PHILIPPINES,no info,20.253,122.04299999999999,0.0,33.0
2000,7.0,30.0,12.0,25.0,45.5,6.5,JAPAN,no info,33.900999999999996,139.376,0.0,10.0
2000,8.0,4.0,21.0,13.0,2.7,6.8,RUSSIA,no info,48.786,142.246,0.0,10.0
2000,8.0,21.0,13.0,25.0,44.5,4.2,CHINA,no info,25.826,102.194,1.0,33.0
2000,9.0,3.0,8.0,36.0,30.0,5.0,USA,CA,38.379,-122.413,0.0,10.0
2000,10.0,2.0,2.0,25.0,31.3,6.5,TANZANIA,no info,-7.977,30.709,0.0,34.0
2000,10.0,6.0,4.0,30.0,19.1,6.7,JAPAN,no info,35.455999999999996,133.134,0.0,10.0
2000,10.0,30.0,22.0,39.0,6.5,5.1,AFGHANISTAN,no info,37.542,69.582,0.0,33.0
2000,11.0,8.0,6.0,59.0,58.8,6.5,PANAMA,no info,7.042000000000001,-77.829,0.0,17.0
2000,11.0,16.0,4.0,54.0,55.9,8.0,PAPUA NEW GUINEA,no info,-4.001,152.327,2.0,17.0
2000,11.0,16.0,7.0,42.0,16.9,7.8,PAPUA NEW GUINEA,no info,-5.233,153.102,0.0,30.0
2000,11.0,17.0,21.0,1.0,56.4,7.8,PAPUA NEW GUINEA,no info,-5.496,151.781,0.0,33.0
2000,11.0,25.0,18.0,9.0,11.4,6.8,AZERBAIJAN,no info,40.245,49.946000000000005,31.0,50.0
2000,12.0,6.0,17.0,11.0,6.4,7.0,TURKMENISTAN,no info,39.566,54.799,11.0,30.0
2000,12.0,15.0,16.0,44.0,47.6,6.0,TURKEY,no info,38.457,31.351,6.0,10.0
2001,1.0,1.0,6.0,57.0,4.1,7.5,PHILIPPINES,no info,6.898,126.579,0.0,33.0
2001,1.0,13.0,17.0,33.0,32.3,7.7,EL SALVADOR,no info,13.049000000000001,-88.66,844.0,60.0
2001,1.0,26.0,3.0,16.0,40.5,7.7,INDIA,no info,23.419,70.232,20005.0,16.0
2001,2.0,13.0,14.0,22.0,5.8,6.6,EL SALVADOR,no info,13.671,-88.93799999999999,315.0,10.0
2001,2.0,23.0,0.0,9.0,23.6,5.6,CHINA,no info,29.513,101.12899999999999,3.0,33.0
2001,2.0,28.0,18.0,54.0,32.8,6.8,USA,WA,47.148999999999994,-122.727,1.0,52.0
2001,3.0,24.0,6.0,27.0,53.5,6.8,JAPAN,no info,34.083,132.526,2.0,50.0
2001,5.0,8.0,18.0,2.0,16.9,5.7,EL SALVADOR,no info,13.605,-88.795,1.0,10.0
2001,5.0,23.0,21.0,10.0,43.9,5.5,CHINA,no info,27.689,101.00299999999999,2.0,33.0
2001,6.0,1.0,14.0,0.0,43.6,5.0,AFGHANISTAN,no info,35.169000000000004,69.389,4.0,62.0
2001,6.0,23.0,20.0,33.0,14.1,8.4,PERU,no info,-16.265,-73.641,77.0,33.0
2001,6.0,25.0,13.0,28.0,46.5,5.5,TURKEY,no info,37.238,36.205999999999996,0.0,5.0
2001,7.0,5.0,13.0,53.0,48.3,6.6,PERU,no info,-16.086,-73.987,0.0,62.0
2001,7.0,7.0,9.0,38.0,43.5,7.6,PERU,no info,-17.543,-72.077,1.0,33.0
2001,7.0,14.0,18.0,36.0,8.3,4.3,CHINA,no info,24.455,102.66,0.0,33.0
2001,7.0,26.0,0.0,21.0,36.9,6.5,GREECE,no info,39.059,24.244,0.0,10.0
2001,8.0,9.0,2.0,6.0,59.9,5.8,PERU,no info,-14.258,-72.683,4.0,33.0
2001,9.0,9.0,23.0,59.0,18.0,4.2,USA,CA,34.059,-118.387,0.0,5.0
2001,10.0,12.0,5.0,2.0,34.0,6.1,CANADA,BC,52.63,-132.2,0.0,20.0
2001,10.0,12.0,15.0,2.0,16.8,7.0,USA TERRITORY,GU,12.686,144.98,0.0,37.0
2001,10.0,19.0,3.0,28.0,44.4,7.5,INDONESIA,no info,-4.102,123.90700000000001,0.0,33.0
2001,10.0,27.0,5.0,35.0,39.7,5.6,CHINA,no info,26.316,100.648,1.0,10.0
2001,11.0,14.0,9.0,26.0,10.0,7.8,CHINA,no info,35.946,90.541,0.0,10.0
2001,12.0,18.0,4.0,2.0,58.2,6.8,TAIWAN,no info,23.954,122.734,0.0,14.0
2001,12.0,19.0,7.0,54.0,7.9,4.5,BANGLADESH,no info,23.631999999999998,90.376,0.0,10.0
2002,1.0,2.0,17.0,22.0,48.7,7.2,VANUATU,no info,-17.6,167.856,0.0,21.0
2002,1.0,9.0,6.0,45.0,57.5,5.3,TAJIKISTAN,no info,38.673,69.902,3.0,33.0
2002,1.0,10.0,11.0,14.0,56.9,6.7,PAPUA NEW GUINEA,no info,-3.2119999999999997,142.42700000000002,1.0,11.0
2002,1.0,14.0,15.0,36.0,26.4,5.6,CHILE,no info,-19.384,-69.23100000000001,0.0,33.0
2002,1.0,17.0,20.0,1.0,29.2,4.7,RWANDA,no info,-1.6840000000000002,29.076999999999998,0.0,15.0
2002,1.0,30.0,8.0,42.0,3.4,5.9,MEXICO,no info,18.194000000000003,-95.90799999999999,0.0,109.0
2002,2.0,3.0,7.0,11.0,28.4,6.5,TURKEY,no info,38.573,31.271,44.0,5.0
2002,2.0,3.0,20.0,59.0,27.6,4.9,TAJIKISTAN,no info,38.773,69.92399999999999,0.0,44.0
2002,2.0,17.0,13.0,3.0,52.7,5.4,IRAN,no info,28.093000000000004,51.755,1.0,33.0
2002,2.0,22.0,19.0,32.0,41.7,5.5,MEXICO,no info,32.319,-115.322,0.0,7.0
2002,3.0,3.0,12.0,8.0,19.7,7.4,AFGHANISTAN,no info,36.501999999999995,70.482,166.0,226.0
2002,3.0,5.0,21.0,16.0,9.1,7.5,PHILIPPINES,no info,6.0329999999999995,124.249,15.0,31.0
2002,3.0,25.0,14.0,56.0,33.8,6.1,AFGHANISTAN,no info,36.062,69.315,1000.0,8.0
2002,3.0,26.0,3.0,45.0,48.7,6.4,JAPAN,no info,23.346,124.09,0.0,33.0
2002,3.0,31.0,6.0,52.0,50.4,7.1,TAIWAN,no info,24.279,122.179,5.0,33.0
2002,4.0,1.0,19.0,59.0,32.4,6.4,CHILE,no info,-29.67,-71.384,0.0,71.0
2002,4.0,12.0,4.0,0.0,23.7,5.9,TAJIKISTAN,no info,39.959,69.417,50.0,10.0
2002,4.0,18.0,16.0,8.0,36.7,6.6,CHILE,no info,-27.535,-70.586,0.0,62.0
2002,4.0,20.0,10.0,50.0,47.5,5.2,USA,NY,44.513000000000005,-73.699,0.0,11.0
2002,4.0,24.0,10.0,51.0,50.9,5.7,SERBIA,no info,42.43600000000001,21.465999999999998,1.0,10.0
2002,4.0,24.0,19.0,48.0,7.1,5.4,IRAN,no info,34.641999999999996,47.4,2.0,33.0
2002,4.0,25.0,17.0,41.0,21.5,4.3,GEORGIA,no info,41.765,44.96,5.0,10.0
2002,4.0,26.0,16.0,6.0,7.0,7.1,USA TERRITORY,GU,13.088,144.619,0.0,86.0
2002,5.0,18.0,15.0,15.0,8.8,5.5,TANZANIA,no info,-2.907,33.733000000000004,2.0,10.0
2002,5.0,28.0,4.0,4.0,22.5,6.0,ARGENTINA,no info,-28.936999999999998,-66.797,0.0,22.0
2002,6.0,20.0,5.0,40.0,43.3,4.5,BANGLADESH,no info,25.842,88.932,0.0,40.0
2002,6.0,22.0,2.0,58.0,21.3,6.5,IRAN,no info,35.626,49.047,261.0,10.0
2002,7.0,22.0,5.0,45.0,3.0,4.8,GERMANY,no info,50.888999999999996,6.103,0.0,17.0
2002,7.0,31.0,0.0,16.0,44.6,6.5,PANAMA,no info,7.928999999999999,-82.79299999999999,0.0,10.0
2002,8.0,8.0,11.0,42.0,5.0,5.3,CHINA,no info,30.916,99.927,0.0,33.0
2002,8.0,14.0,13.0,57.0,52.1,6.5,USA TERRITORY,MP,14.100999999999999,146.19899999999998,0.0,30.0
2002,8.0,15.0,5.0,30.0,26.2,6.2,INDONESIA,no info,-1.196,121.333,48.0,10.0
2002,8.0,19.0,11.0,1.0,1.1,7.7,FIJI,no info,-21.695999999999998,-179.513,0.0,580.0
2002,8.0,19.0,11.0,8.0,24.3,7.7,FIJI,no info,-23.884,178.495,0.0,675.0
2002,8.0,24.0,20.0,1.0,18.3,4.4,EGYPT,no info,30.2,31.41,0.0,10.0
2002,9.0,2.0,1.0,0.0,3.2,5.2,IRAN,no info,35.701,48.838,0.0,10.0
2002,9.0,5.0,11.0,3.0,5.8,5.5,KYRGYZSTAN,no info,39.77,72.007,0.0,32.0
2002,9.0,6.0,1.0,21.0,28.6,6.0,ITALY,no info,38.381,13.700999999999999,2.0,5.0
2002,9.0,8.0,18.0,44.0,25.5,7.6,PAPUA NEW GUINEA,no info,-3.26,142.94,4.0,13.0
2002,9.0,13.0,22.0,28.0,29.4,6.5,INDIA,no info,13.036,93.068,2.0,21.0
2002,9.0,20.0,15.0,43.0,35.4,6.4,INDONESIA,no info,-1.68,134.234,0.0,10.0
2002,9.0,22.0,23.0,53.0,14.6,4.8,UK,no info,52.52,-2.15,0.0,9.0
2002,9.0,25.0,18.0,14.0,48.5,5.3,MEXICO,no info,16.87,-100.113,0.0,6.0
2002,9.0,25.0,22.0,28.0,11.9,5.6,IRAN,no info,31.995,49.32899999999999,0.0,10.0
2002,9.0,30.0,6.0,44.0,48.0,4.2,FRANCE,no info,47.832,-3.207,0.0,10.0
2002,10.0,10.0,10.0,50.0,20.5,7.6,INDONESIA,no info,-1.757,134.297,8.0,10.0
2002,10.0,23.0,11.0,27.0,19.4,6.7,USA,AK,63.513999999999996,-147.912,0.0,4.0
2002,10.0,24.0,6.0,8.0,37.9,6.2,CONGO,no info,-1.8840000000000001,29.004,2.0,11.0
2002,10.0,29.0,10.0,2.0,21.5,4.3,ITALY,no info,37.67,15.267000000000001,0.0,10.0
2002,10.0,31.0,10.0,32.0,58.7,5.7,ITALY,no info,41.788999999999994,14.872,29.0,10.0
2002,11.0,1.0,22.0,9.0,29.2,5.4,PAKISTAN,no info,35.516999999999996,74.654,11.0,33.0
2002,11.0,2.0,1.0,26.0,10.7,7.3,INDONESIA,no info,2.824,96.085,3.0,30.0
2002,11.0,3.0,22.0,12.0,41.0,7.9,USA,AK,63.516999999999996,-147.444,0.0,5.0
2002,11.0,20.0,21.0,32.0,30.8,6.3,PAKISTAN,no info,35.414,74.515,19.0,33.0
2002,11.0,27.0,16.0,43.0,17.5,5.9,VANUATU,no info,-14.49,167.827,0.0,33.0
2002,12.0,2.0,4.0,58.0,55.1,5.7,GREECE,no info,37.747,21.087,0.0,10.0
2002,12.0,14.0,13.0,27.0,29.1,5.5,CHINA,no info,39.736,97.443,2.0,22.0
2002,12.0,24.0,17.0,3.0,2.9,5.2,IRAN,no info,34.594,47.45399999999999,0.0,33.0
2002,12.0,25.0,12.0,57.0,3.2,5.7,CHINA,no info,39.57,75.25399999999999,0.0,10.0
2002,12.0,25.0,19.0,13.0,42.7,5.5,AFGHANISTAN,no info,35.704,69.868,0.0,91.0
2003,1.0,11.0,17.0,45.0,30.6,5.2,IRAN,no info,29.59,51.474,0.0,33.0
2003,1.0,20.0,8.0,43.0,6.0,7.3,SOLOMON ISLANDS,no info,-10.491,160.77,0.0,33.0
2003,1.0,22.0,2.0,6.0,34.6,7.5,MEXICO,no info,18.77,-104.104,29.0,24.0
2003,1.0,23.0,0.0,8.0,22.8,5.5,INDONESIA,no info,-8.807,118.524,0.0,33.0
2003,1.0,26.0,19.0,57.0,3.2,4.7,ITALY,no info,43.883,11.96,0.0,7.0
2003,1.0,27.0,5.0,26.0,23.0,6.1,TURKEY,no info,39.5,39.878,1.0,10.0
2003,2.0,13.0,17.0,34.0,20.9,5.3,CHINA,no info,43.897,85.92299999999999,0.0,24.0
2003,2.0,15.0,5.0,47.0,58.9,5.8,PHILIPPINES,no info,12.171,123.921,0.0,10.0
2003,2.0,15.0,11.0,1.0,59.8,6.3,PHILIPPINES,no info,12.168,124.079,0.0,10.0
2003,2.0,22.0,12.0,19.0,10.5,5.2,USA,CA,34.31,-116.848,0.0,1.0
2003,2.0,22.0,20.0,41.0,3.4,5.0,FRANCE,no info,48.342,6.57,0.0,10.0
2003,2.0,24.0,2.0,3.0,41.4,6.3,CHINA,no info,39.61,77.23,261.0,11.0
2003,2.0,25.0,3.0,52.0,41.0,5.4,CHINA,no info,39.483000000000004,77.393,5.0,10.0
2003,3.0,21.0,11.0,38.0,20.0,4.6,INDONESIA,no info,-6.983,108.46799999999999,0.0,33.0
2003,3.0,22.0,13.0,36.0,16.0,4.7,GERMANY,no info,48.21,9.0,0.0,6.0
2003,3.0,25.0,2.0,53.0,25.0,6.5,INDONESIA,no info,-8.294,120.743,4.0,33.0
2003,3.0,25.0,18.0,51.0,26.3,5.5,BHUTAN,no info,27.264,89.331,0.0,47.0
2003,4.0,10.0,0.0,40.0,15.1,5.7,TURKEY,no info,38.221,26.958000000000002,0.0,10.0
2003,4.0,17.0,0.0,48.0,38.5,6.4,CHINA,no info,37.529,96.476,0.0,14.0
2003,4.0,29.0,8.0,59.0,39.0,4.6,USA,AL,34.494,-85.62899999999999,0.0,20.0
2003,5.0,1.0,0.0,27.0,4.7,6.4,TURKEY,no info,39.007,40.464,177.0,10.0
2003,5.0,4.0,15.0,44.0,35.5,5.8,CHINA,no info,39.43,77.219,1.0,10.0
2003,5.0,21.0,18.0,44.0,20.1,6.8,ALGERIA,no info,36.964,3.634,2266.0,12.0
2003,5.0,26.0,9.0,24.0,33.4,7.0,JAPAN,no info,38.849000000000004,141.56799999999998,0.0,68.0
2003,5.0,26.0,19.0,23.0,27.9,7.0,INDONESIA,no info,2.354,128.855,1.0,31.0
2003,5.0,27.0,17.0,11.0,28.8,5.7,ALGERIA,no info,36.939,3.5780000000000003,9.0,8.0
2003,6.0,6.0,12.0,29.0,34.0,4.0,USA,KY,36.87,-88.98,0.0,3.0
2003,6.0,9.0,7.0,6.0,39.3,5.2,GREECE,no info,39.893,22.309,0.0,18.0
2003,6.0,20.0,13.0,30.0,41.6,6.8,CHILE,no info,-30.608,-71.637,0.0,33.0
2003,7.0,3.0,14.0,59.0,32.2,5.2,IRAN,no info,35.476,60.784,0.0,41.0
2003,7.0,10.0,17.0,6.0,37.6,5.8,IRAN,no info,28.355,54.169,1.0,10.0
2003,7.0,15.0,20.0,27.0,50.5,7.6,INDIAN OCEAN,no info,-2.5980000000000003,68.382,0.0,10.0
2003,7.0,21.0,15.0,16.0,31.9,5.9,CHINA,no info,25.975,101.29,16.0,10.0
2003,7.0,25.0,15.0,13.0,7.7,5.5,JAPAN,no info,38.431999999999995,141.003,0.0,10.0
2003,7.0,26.0,1.0,0.0,57.6,4.5,TURKEY,no info,38.111,28.886999999999997,0.0,10.0
2003,7.0,26.0,8.0,36.0,49.1,5.4,TURKEY,no info,38.019,28.927,0.0,10.0
2003,7.0,26.0,23.0,18.0,17.9,5.7,BANGLADESH,no info,22.854,92.306,2.0,10.0
2003,8.0,4.0,4.0,37.0,20.1,7.6,ANTARCTICA,no info,-60.532,-43.411,0.0,10.0
2003,8.0,11.0,0.0,19.0,9.2,6.0,INDONESIA,no info,1.1420000000000001,128.15200000000002,0.0,10.0
2003,8.0,13.0,8.0,29.0,27.2,5.4,PANAMA,no info,9.355,-79.941,0.0,54.0
2003,8.0,14.0,5.0,14.0,54.7,6.3,GREECE,no info,39.16,20.605,0.0,10.0
2003,8.0,16.0,10.0,58.0,42.7,5.4,CHINA,no info,43.77,119.64299999999999,4.0,24.0
2003,8.0,18.0,9.0,3.0,3.5,5.5,CHINA,no info,29.573,95.605,0.0,33.0
2003,8.0,21.0,12.0,12.0,49.7,7.2,NEW ZEALAND,no info,-45.104,167.144,0.0,28.0
2003,9.0,14.0,21.0,42.0,51.8,5.3,ITALY,no info,44.32899999999999,11.45,0.0,10.0
2003,9.0,20.0,3.0,54.0,50.7,5.7,JAPAN,no info,34.998000000000005,140.172,0.0,52.0
2003,9.0,21.0,18.0,16.0,13.4,6.6,MYANMAR (BURMA),no info,19.917,95.67200000000001,0.0,10.0
2003,9.0,22.0,4.0,45.0,36.2,6.4,DOMINICAN REPUBLIC,no info,19.777,-70.673,3.0,10.0
2003,9.0,25.0,19.0,50.0,6.3,8.3,JAPAN,no info,41.815,143.91,0.0,27.0
2003,9.0,27.0,11.0,33.0,25.0,7.3,RUSSIA,no info,50.038000000000004,87.81299999999999,3.0,16.0
2003,9.0,29.0,15.0,27.0,1.0,4.4,RUSSIA,no info,50.0,87.89,0.0,10.0
2003,9.0,29.0,18.0,22.0,32.0,4.8,NEW ZEALAND,no info,-43.34,173.04,0.0,32.0
2003,10.0,1.0,1.0,3.0,25.2,6.7,RUSSIA,no info,50.211000000000006,87.721,0.0,10.0
2003,10.0,15.0,7.0,30.0,35.9,5.2,JAPAN,no info,35.457,139.871,0.0,78.0
2003,10.0,16.0,3.0,20.0,55.3,4.5,DOMINICAN REPUBLIC,no info,19.761,-70.693,0.0,10.0
2003,10.0,16.0,12.0,28.0,9.0,5.6,CHINA,no info,25.954,101.25399999999999,3.0,33.0
2003,10.0,25.0,12.0,41.0,35.2,5.8,CHINA,no info,38.4,100.95100000000001,9.0,10.0
2003,10.0,31.0,1.0,6.0,28.2,7.0,JAPAN,no info,37.812,142.619,0.0,10.0
2003,11.0,13.0,2.0,35.0,10.3,5.1,CHINA,no info,34.711999999999996,103.834,1.0,10.0
2003,11.0,14.0,18.0,49.0,46.5,5.6,CHINA,no info,27.372,103.971,4.0,33.0
2003,11.0,17.0,6.0,43.0,6.8,7.8,USA,AK,51.146,178.65,0.0,33.0
2003,11.0,18.0,17.0,14.0,22.6,6.5,PHILIPPINES,no info,12.025,125.416,1.0,35.0
2003,11.0,26.0,13.0,38.0,57.8,4.7,CHINA,no info,27.283,103.75299999999999,0.0,33.0
2003,12.0,1.0,1.0,38.0,31.9,6.0,CHINA,no info,42.905,80.515,11.0,10.0
2003,12.0,5.0,23.0,41.0,27.4,4.9,INDONESIA,no info,-8.137,120.524,0.0,33.0
2003,12.0,10.0,4.0,38.0,11.5,6.8,TAIWAN,no info,23.039,121.36200000000001,0.0,10.0
2003,12.0,11.0,16.0,28.0,17.3,5.0,IRAN,no info,31.953000000000003,49.208999999999996,0.0,33.0
2003,12.0,17.0,23.0,15.0,17.2,4.4,BULGARIA,no info,43.083,27.486,0.0,34.0
2003,12.0,22.0,19.0,15.0,56.0,6.6,USA,CA,35.705999999999996,-121.102,2.0,8.0
2003,12.0,25.0,7.0,11.0,11.5,6.5,PANAMA,no info,8.416,-82.824,2.0,33.0
2003,12.0,26.0,1.0,56.0,52.4,6.6,IRAN,no info,28.995,58.31100000000001,31000.0,10.0
2003,12.0,27.0,4.0,55.0,25.4,6.1,NEW CALEDONIA,no info,-22.107,169.35,0.0,10.0
2004,1.0,1.0,20.0,59.0,31.9,5.8,INDONESIA,no info,-8.31,115.788,1.0,45.0
2004,1.0,1.0,23.0,31.0,50.0,6.1,MEXICO,no info,17.488,-101.303,0.0,29.0
2004,1.0,10.0,7.0,43.0,18.0,2.2,SLOVAKIA,no info,48.758,19.217,0.0,5.0
2004,1.0,10.0,18.0,38.0,14.8,4.4,ALGERIA,no info,36.852,3.418,0.0,10.0
2004,1.0,14.0,16.0,58.0,48.1,5.2,IRAN,no info,27.695,52.397,0.0,12.0
2004,1.0,28.0,22.0,15.0,30.7,6.7,INDONESIA,no info,-3.12,127.4,0.0,17.0
2004,2.0,4.0,11.0,59.0,47.6,6.1,PANAMA,no info,8.357999999999999,-82.87700000000001,0.0,29.0
2004,2.0,5.0,21.0,5.0,2.8,7.0,INDONESIA,no info,-3.615,135.53799999999998,37.0,17.0
2004,2.0,7.0,2.0,42.0,35.2,7.3,INDONESIA,no info,-4.003,135.023,0.0,10.0
2004,2.0,11.0,8.0,15.0,3.8,5.3,JORDAN,no info,31.675,35.551,0.0,27.0
2004,2.0,14.0,10.0,30.0,22.1,5.4,PAKISTAN,no info,34.774,73.21600000000001,24.0,11.0
2004,2.0,16.0,14.0,44.0,39.9,5.1,INDONESIA,no info,-0.466,100.655,5.0,56.0
2004,2.0,22.0,6.0,46.0,27.0,6.0,INDONESIA,no info,-1.5590000000000002,100.488,0.0,42.0
2004,2.0,24.0,2.0,14.0,34.0,4.7,BURUNDI,no info,-3.3930000000000002,29.558000000000003,3.0,10.0
2004,2.0,24.0,2.0,27.0,46.2,6.4,MOROCCO,no info,35.141999999999996,-3.997,628.0,0.0
2004,3.0,1.0,0.0,35.0,58.0,5.2,GREECE,no info,37.135999999999996,22.116,0.0,9.0
2004,3.0,24.0,1.0,53.0,49.4,5.4,CHINA,no info,45.382,118.256,0.0,19.0
2004,3.0,25.0,19.0,30.0,49.0,5.6,TURKEY,no info,39.93,40.812,10.0,0.0
2004,3.0,28.0,3.0,51.0,10.0,5.6,TURKEY,no info,39.847,40.874,0.0,5.0
2004,4.0,5.0,21.0,24.0,4.0,6.5,AFGHANISTAN,no info,36.512,71.029,3.0,187.0
2004,4.0,9.0,1.0,55.0,50.7,5.4,INDONESIA,no info,-1.5490000000000002,100.54,0.0,66.0
2004,4.0,16.0,18.0,32.0,24.0,5.5,INDONESIA,no info,-8.669,114.65,0.0,96.0
2004,4.0,23.0,1.0,50.0,30.2,6.7,INDONESIA,no info,-9.362,122.839,0.0,66.0
2004,5.0,1.0,7.0,56.0,13.6,5.2,TAIWAN,no info,24.081,121.611,2.0,45.0
2004,5.0,3.0,4.0,36.0,50.0,6.6,CHILE,no info,-37.695,-73.406,0.0,21.0
2004,5.0,4.0,5.0,4.0,58.3,5.4,CHINA,no info,37.506,96.758,0.0,14.0
2004,5.0,8.0,4.0,39.0,25.0,5.0,IRAN,no info,29.881,51.474,0.0,67.0
2004,5.0,8.0,20.0,11.0,44.2,4.5,PAKISTAN,no info,30.125999999999998,67.12100000000001,1.0,10.0
2004,5.0,19.0,21.0,28.0,10.6,4.1,PHILIPPINES,no info,9.926,124.038,0.0,35.0
2004,5.0,28.0,12.0,38.0,44.4,6.3,IRAN,no info,36.29,51.61,35.0,17.0
2004,5.0,30.0,2.0,52.0,12.2,4.9,RUSSIA,no info,47.31100000000001,142.12,0.0,14.0
2004,6.0,9.0,11.0,41.0,16.5,4.6,SAUDI ARABIA,no info,27.836,36.905,0.0,10.0
2004,6.0,15.0,11.0,16.0,31.5,5.9,CHILE,no info,-38.854,-73.155,0.0,38.0
2004,7.0,1.0,22.0,30.0,9.3,5.1,TURKEY,no info,39.766,43.979,18.0,5.0
2004,7.0,12.0,13.0,4.0,7.1,5.2,SLOVENIA,no info,46.29600000000001,13.640999999999998,1.0,8.0
2004,7.0,14.0,14.0,36.0,2.5,4.6,AFGHANISTAN,no info,34.89,61.852,0.0,0.0
2004,7.0,18.0,4.0,22.0,22.6,5.4,NEW ZEALAND,no info,-38.0,176.51,1.0,5.0
2004,7.0,18.0,8.0,31.0,45.8,5.2,AFGHANISTAN,no info,33.426,69.524,2.0,10.0
2004,7.0,30.0,7.0,14.0,7.8,4.0,TURKEY,no info,39.634,43.966,1.0,5.0
2004,8.0,4.0,3.0,1.0,7.5,5.6,TURKEY,no info,36.833,27.815,0.0,10.0
2004,8.0,10.0,10.0,26.0,14.7,5.4,CHINA,no info,27.266,103.87299999999999,4.0,6.0
2004,8.0,11.0,15.0,48.0,26.8,5.7,TURKEY,no info,38.376999999999995,39.260999999999996,1.0,7.0
2004,9.0,5.0,10.0,7.0,7.8,7.2,JAPAN,no info,33.07,136.618,0.0,14.0
2004,9.0,5.0,14.0,57.0,18.6,7.4,JAPAN,no info,33.184,137.071,0.0,10.0
2004,9.0,7.0,11.0,53.0,6.1,6.1,ARGENTINA,no info,-28.573,-65.84,1.0,22.0
2004,9.0,7.0,12.0,15.0,49.7,5.2,CHINA,no info,34.681999999999995,103.781,0.0,10.0
2004,9.0,21.0,13.0,32.0,30.8,4.8,POLAND,no info,54.841,19.912,0.0,10.0
2004,9.0,28.0,17.0,15.0,24.2,6.0,USA,CA,35.819,-120.36399999999999,0.0,9.0
2004,10.0,1.0,8.0,1.0,1.3,5.6,NICARAGUA,no info,11.989,-86.52,0.0,87.0
2004,10.0,7.0,21.0,46.0,20.3,5.6,IRAN,no info,37.125,54.477,0.0,35.0
2004,10.0,15.0,4.0,8.0,50.2,6.6,TAIWAN,no info,24.53,122.694,0.0,94.0
2004,10.0,18.0,22.0,11.0,44.9,4.4,CHINA,no info,25.073,99.169,0.0,30.0
2004,10.0,23.0,8.0,56.0,0.8,6.6,JAPAN,no info,37.226,138.779,40.0,16.0
2004,10.0,27.0,1.0,40.0,50.2,5.9,JAPAN,no info,37.284,138.885,0.0,14.0
2004,10.0,27.0,20.0,34.0,36.8,5.8,ROMANIA,no info,45.787,26.622,0.0,96.0
2004,11.0,2.0,10.0,2.0,12.8,6.6,CANADA,BC,49.277,-128.77200000000002,0.0,10.0
2004,11.0,4.0,6.0,22.0,39.4,5.2,GREECE,no info,35.945,23.115,0.0,74.0
2004,11.0,8.0,2.0,15.0,58.8,5.5,JAPAN,no info,37.396,138.862,0.0,10.0
2004,11.0,11.0,21.0,26.0,41.1,7.5,INDONESIA,no info,-8.152000000000001,124.868,34.0,10.0
2004,11.0,15.0,9.0,6.0,56.5,7.2,COLOMBIA,no info,4.695,-77.508,0.0,15.0
2004,11.0,19.0,23.0,49.0,37.1,4.8,IRAN,no info,32.023,48.836000000000006,0.0,37.0
2004,11.0,20.0,8.0,7.0,22.0,6.4,COSTA RICA,no info,9.602,-84.17200000000001,8.0,16.0
2004,11.0,21.0,11.0,41.0,7.7,6.3,GUADELOUPE,no info,15.679,-61.706,1.0,14.0
2004,11.0,22.0,4.0,1.0,30.4,5.0,IRAN,no info,33.297,47.977,0.0,36.0
2004,11.0,22.0,20.0,26.0,23.9,7.1,NEW ZEALAND,no info,-46.676,164.72099999999998,0.0,10.0
2004,11.0,24.0,22.0,59.0,40.0,5.1,ITALY,no info,45.626000000000005,10.559000000000001,0.0,17.0
2004,11.0,26.0,2.0,25.0,3.3,7.1,INDONESIA,no info,-3.609,135.404,32.0,10.0
2004,11.0,28.0,18.0,32.0,14.1,7.0,JAPAN,no info,43.006,145.119,0.0,39.0
2004,12.0,1.0,17.0,42.0,24.7,4.5,ALGERIA,no info,36.848,3.448,0.0,10.0
2004,12.0,2.0,19.0,16.0,34.6,5.8,TRINIDAD AND TOBAGO,no info,10.49,-61.48,0.0,49.0
2004,12.0,5.0,1.0,52.0,37.2,4.8,GERMANY,no info,48.115,8.077,0.0,10.0
2004,12.0,5.0,8.0,30.0,59.5,4.5,ALGERIA,no info,36.865,3.4210000000000003,0.0,10.0
2004,12.0,6.0,14.0,15.0,11.8,6.8,JAPAN,no info,42.9,145.22799999999998,0.0,35.0
2004,12.0,9.0,8.0,49.0,0.2,5.4,INDIA,no info,24.756999999999998,92.539,0.0,35.0
2004,12.0,14.0,5.0,56.0,10.0,5.8,JAPAN,no info,44.119,141.793,0.0,10.0
2004,12.0,20.0,23.0,2.0,12.4,5.4,TURKEY,no info,37.042,28.206,0.0,5.0
2004,12.0,23.0,14.0,59.0,4.4,8.1,AUSTRALIA,TAS,-49.312,161.345,0.0,10.0
2004,12.0,26.0,0.0,58.0,53.4,9.1,INDONESIA,no info,3.3160000000000003,95.854,1001.0,30.0
2005,1.0,10.0,18.0,47.0,30.1,5.4,IRAN,no info,37.103,54.574,0.0,32.0
2005,1.0,19.0,6.0,11.0,36.4,6.6,JAPAN,no info,34.064,141.491,0.0,28.0
2005,1.0,20.0,18.0,56.0,30.7,5.3,NEW ZEALAND,no info,-41.223,175.21,0.0,39.0
2005,1.0,23.0,20.0,10.0,12.1,6.3,INDONESIA,no info,-1.198,119.93299999999999,1.0,11.0
2005,1.0,24.0,23.0,23.0,26.1,6.1,ECUADOR,no info,-1.364,-80.785,0.0,17.0
2005,1.0,25.0,16.0,30.0,38.9,4.8,CHINA,no info,22.526,100.709,0.0,12.0
2005,1.0,25.0,16.0,44.0,16.1,5.9,TURKEY,no info,37.622,43.703,2.0,41.0
2005,1.0,29.0,7.0,41.0,31.0,4.4,SPAIN,no info,37.91,-1.82,0.0,5.0
2005,2.0,2.0,5.0,55.0,18.2,4.8,INDONESIA,no info,-7.037000000000001,107.819,1.0,15.0
2005,2.0,14.0,18.0,5.0,59.3,5.8,GUADELOUPE,no info,15.775,-61.744,0.0,12.0
2005,2.0,14.0,23.0,38.0,8.6,6.1,CHINA,no info,41.728,79.44,0.0,22.0
2005,2.0,15.0,11.0,15.0,11.7,5.1,INDIA,no info,24.55,92.524,0.0,35.0
2005,2.0,22.0,2.0,25.0,22.9,6.4,IRAN,no info,30.754,56.816,612.0,14.0
2005,3.0,2.0,11.0,12.0,14.9,4.9,PAKISTAN,no info,30.378,68.038,0.0,52.0
2005,3.0,9.0,10.0,15.0,31.8,4.3,SOUTH AFRICA,no info,-26.913,26.789,2.0,5.0
2005,3.0,12.0,7.0,36.0,12.1,5.6,TURKEY,no info,39.44,40.978,0.0,11.0
2005,3.0,13.0,3.0,31.0,23.0,6.0,IRAN,no info,27.095,61.887,0.0,54.0
2005,3.0,14.0,1.0,55.0,55.6,5.8,TURKEY,no info,39.354,40.89,0.0,5.0
2005,3.0,14.0,9.0,43.0,49.1,4.9,INDIA,no info,17.145,73.73,0.0,10.0
2005,3.0,15.0,2.0,7.0,6.8,4.3,INDIA,no info,17.072,73.668,0.0,10.0
2005,3.0,20.0,1.0,53.0,41.8,6.6,JAPAN,no info,33.806999999999995,130.131,1.0,10.0
2005,3.0,28.0,16.0,9.0,36.5,8.6,INDONESIA,no info,2.085,97.10799999999999,1303.0,30.0
2005,4.0,10.0,10.0,29.0,11.2,6.7,INDONESIA,no info,-1.6440000000000001,99.60700000000001,0.0,19.0
2005,6.0,13.0,22.0,44.0,33.9,7.7,CHILE,no info,-19.987000000000002,-69.197,11.0,116.0
2005,6.0,15.0,2.0,50.0,53.1,7.2,USA,CA,41.301,-125.97,0.0,10.0
2005,7.0,5.0,1.0,52.0,2.9,6.7,INDONESIA,no info,1.819,97.08200000000001,0.0,21.0
2005,7.0,9.0,23.0,59.0,17.0,5.9,INDONESIA,no info,-1.1740000000000002,119.963,0.0,32.0
2005,7.0,10.0,13.0,10.0,12.1,5.2,ALBANIA,no info,42.388999999999996,19.812,0.0,4.0
2005,7.0,18.0,2.0,4.0,59.8,5.3,INDONESIA,no info,-9.948,124.48,0.0,10.0
2005,7.0,23.0,7.0,34.0,56.7,5.9,JAPAN,no info,35.498000000000005,139.982,0.0,61.0
2005,7.0,24.0,15.0,42.0,6.2,7.2,INDIA,no info,7.92,92.19,0.0,16.0
2005,7.0,25.0,15.0,43.0,41.1,4.7,CHINA,no info,46.827,125.05799999999999,1.0,48.0
2005,7.0,26.0,4.0,8.0,37.1,5.6,USA,MT,45.365,-112.615,0.0,13.0
2005,7.0,30.0,21.0,45.0,0.0,5.3,TURKEY,no info,39.437,33.089,0.0,5.0
2005,8.0,5.0,14.0,14.0,48.0,4.8,CHINA,no info,26.569000000000003,103.036,0.0,42.0
2005,8.0,5.0,18.0,7.0,13.8,4.5,VIETNAM,no info,9.985,108.383,0.0,10.0
2005,8.0,9.0,5.0,9.0,20.8,5.1,IRAN,no info,28.85,52.56,0.0,10.0
2005,8.0,13.0,4.0,58.0,44.8,4.5,CHINA,no info,23.627,104.103,0.0,10.0
2005,8.0,14.0,2.0,39.0,40.3,5.8,CHILE,no info,-19.78,-68.98,0.0,11.0
2005,8.0,14.0,6.0,33.0,32.5,4.4,INDIA,no info,17.398,74.118,0.0,35.0
2005,8.0,16.0,2.0,46.0,28.4,7.2,JAPAN,no info,38.275999999999996,142.039,0.0,36.0
2005,8.0,16.0,3.0,45.0,54.1,4.4,INDIA,no info,30.924,78.56,0.0,43.0
2005,8.0,30.0,8.0,53.0,17.4,4.7,INDIA,no info,17.067,73.773,0.0,10.0
2005,9.0,9.0,7.0,26.0,43.7,7.7,PAPUA NEW GUINEA,no info,-4.539,153.474,0.0,90.0
2005,9.0,24.0,19.0,24.0,2.6,5.6,ETHIOPIA,no info,12.470999999999998,40.634,0.0,12.0
2005,9.0,26.0,1.0,55.0,37.6,7.5,PERU,no info,-5.678,-76.398,5.0,115.0
2005,10.0,1.0,22.0,19.0,51.3,5.3,PERU,no info,-16.635,-70.794,0.0,20.0
2005,10.0,8.0,3.0,50.0,40.8,7.6,PAKISTAN,no info,34.539,73.58800000000001,76213.0,26.0
2005,10.0,20.0,21.0,40.0,4.0,5.9,TURKEY,no info,38.152,26.750999999999998,1.0,10.0
2005,10.0,24.0,17.0,35.0,33.8,4.8,ECUADOR,no info,-0.507,-77.745,0.0,35.0
2005,10.0,27.0,11.0,18.0,57.3,4.2,CHINA,no info,23.604,107.79799999999999,1.0,10.0
2005,10.0,31.0,2.0,10.0,28.7,5.4,PERU,no info,-5.852,-78.704,0.0,40.0
2005,11.0,14.0,21.0,38.0,51.4,7.0,JAPAN,no info,38.107,144.89600000000002,0.0,11.0
2005,11.0,26.0,0.0,49.0,37.6,5.2,CHINA,no info,29.695,115.689,16.0,10.0
2005,11.0,26.0,15.0,56.0,55.0,4.4,TURKEY,no info,38.26,38.814,0.0,9.0
2005,11.0,27.0,10.0,22.0,19.1,6.0,IRAN,no info,26.774,55.858000000000004,13.0,10.0
2005,12.0,5.0,12.0,19.0,56.6,6.8,CONGO,no info,-6.224,29.83,6.0,22.0
2005,12.0,12.0,21.0,47.0,46.0,6.5,AFGHANISTAN,no info,36.357,71.093,5.0,225.0
2005,12.0,14.0,7.0,9.0,54.1,5.3,INDIA,no info,30.476,79.255,1.0,44.0
2005,12.0,24.0,3.0,56.0,7.3,4.3,TURKEY,no info,38.804,26.783,0.0,14.0
2006,1.0,8.0,11.0,34.0,55.6,6.7,GREECE,no info,36.311,23.212,0.0,66.0
2006,1.0,27.0,16.0,58.0,53.6,7.6,INDONESIA,no info,-5.473,128.131,0.0,397.0
2006,2.0,14.0,0.0,55.0,25.0,5.3,INDIA,no info,27.381999999999998,88.38799999999999,2.0,30.0
2006,2.0,20.0,17.0,20.0,9.0,4.6,BULGARIA,no info,41.708,25.544,0.0,10.0
2006,2.0,22.0,22.0,19.0,7.8,7.0,MOZAMBIQUE,no info,-21.324,33.583,4.0,11.0
2006,2.0,23.0,20.0,4.0,53.5,5.8,BHUTAN,no info,26.912,91.705,0.0,10.0
2006,2.0,28.0,7.0,31.0,2.6,6.0,IRAN,no info,28.12,56.865,0.0,18.0
2006,3.0,7.0,18.0,20.0,46.1,5.5,INDIA,no info,23.776999999999997,70.899,0.0,10.0
2006,3.0,10.0,7.0,50.0,14.3,4.9,PAKISTAN,no info,33.129,73.887,1.0,10.0
2006,3.0,14.0,6.0,57.0,33.8,6.7,INDONESIA,no info,-3.595,127.214,0.0,30.0
2006,3.0,20.0,19.0,44.0,25.1,4.9,ALGERIA,no info,36.623000000000005,5.327999999999999,4.0,10.0
2006,3.0,25.0,7.0,28.0,57.6,5.9,IRAN,no info,27.574,55.685,1.0,18.0
2006,3.0,28.0,8.0,35.0,43.3,5.0,INDONESIA,no info,3.4619999999999997,97.22399999999999,0.0,30.0
2006,3.0,31.0,1.0,17.0,0.9,6.1,IRAN,no info,33.5,48.78,70.0,7.0
2006,3.0,31.0,12.0,23.0,17.8,4.9,CHINA,no info,44.623999999999995,124.12200000000001,0.0,10.0
2006,4.0,1.0,10.0,2.0,19.5,6.2,TAIWAN,no info,22.868000000000002,121.27799999999999,0.0,9.0
2006,4.0,4.0,9.0,12.0,23.4,4.8,PAKISTAN,no info,34.6,73.13600000000001,0.0,10.0
2006,4.0,6.0,17.0,59.0,16.4,5.5,INDIA,no info,23.322,70.477,0.0,10.0
2006,4.0,11.0,0.0,2.0,41.5,5.5,GREECE,no info,37.64,20.92,0.0,18.0
2006,4.0,19.0,2.0,5.0,42.9,5.7,CHINA,no info,31.607,90.413,0.0,33.0
2006,4.0,20.0,23.0,25.0,2.1,7.6,RUSSIA,no info,60.949,167.08900000000003,0.0,22.0
2006,5.0,3.0,15.0,26.0,40.2,7.9,TONGA,no info,-20.187,-174.123,0.0,55.0
2006,5.0,4.0,17.0,43.0,9.7,4.5,PANAMA,no info,8.898,-82.54299999999999,0.0,0.0
2006,5.0,7.0,6.0,20.0,53.7,4.1,IRAN,no info,30.79,56.7,0.0,14.0
2006,5.0,12.0,8.0,16.0,56.5,5.5,INDONESIA,no info,-5.575,105.395,0.0,17.0
2006,5.0,26.0,22.0,53.0,58.9,6.3,INDONESIA,no info,-7.961,110.446,5749.0,13.0
2006,6.0,3.0,7.0,15.0,35.6,5.1,IRAN,no info,26.759,55.843,2.0,5.0
2006,6.0,3.0,11.0,7.0,45.0,4.1,TURKEY,no info,37.605,43.787,0.0,10.0
2006,6.0,3.0,16.0,34.0,25.8,3.8,MALAWI,no info,-14.52,34.28,0.0,10.0
2006,6.0,11.0,20.0,1.0,26.3,6.3,JAPAN,no info,33.129,131.141,0.0,140.0
2006,6.0,13.0,14.0,15.0,38.3,4.5,ALBANIA,no info,40.27,19.96,0.0,10.0
2006,6.0,20.0,16.0,52.0,57.9,4.5,CHINA,no info,33.068000000000005,104.95,0.0,24.0
2006,7.0,17.0,8.0,19.0,25.0,7.7,INDONESIA,no info,-9.254,107.411,0.0,34.0
2006,7.0,22.0,1.0,10.0,29.0,4.9,CHINA,no info,27.995,104.13799999999999,22.0,56.0
2006,7.0,29.0,0.0,11.0,51.3,5.6,TAJIKISTAN,no info,37.255,68.828,3.0,34.0
2006,8.0,5.0,14.0,3.0,43.7,5.6,ARGENTINA,no info,-33.131,-68.707,0.0,22.0
2006,8.0,18.0,11.0,45.0,49.4,4.7,TAJIKISTAN,no info,38.246,69.22,0.0,10.0
2006,8.0,24.0,20.0,1.0,0.2,4.3,FRANCE,no info,45.84,-0.14,0.0,5.0
2006,8.0,25.0,5.0,51.0,44.3,4.6,CHINA,no info,28.011999999999997,104.15100000000001,1.0,22.0
2006,9.0,10.0,14.0,56.0,8.1,5.8,MEXICO,no info,26.319000000000003,-86.60600000000001,0.0,14.0
2006,9.0,28.0,6.0,22.0,9.7,6.9,SAMOA,no info,-16.592,-172.033,0.0,28.0
2006,9.0,29.0,13.0,8.0,26.1,6.1,TRINIDAD AND TOBAGO,no info,10.876,-61.756,0.0,53.0
2006,9.0,29.0,18.0,23.0,5.9,5.5,TRINIDAD AND TOBAGO,no info,10.814,-61.758,1.0,52.0
2006,10.0,15.0,17.0,7.0,49.2,6.7,USA,HI,19.878,-155.935,0.0,39.0
2006,10.0,20.0,10.0,48.0,56.0,6.7,PERU,no info,-13.457,-76.67699999999999,0.0,23.0
2006,10.0,27.0,10.0,52.0,5.7,4.5,CHINA,no info,31.56,113.21,0.0,10.0
2006,11.0,3.0,6.0,21.0,39.2,4.7,CHINA,no info,43.468999999999994,119.55799999999999,0.0,10.0
2006,11.0,15.0,11.0,14.0,13.5,8.3,RUSSIA,no info,46.592,153.266,0.0,10.0
2006,11.0,17.0,18.0,19.0,51.6,4.7,FRANCE,no info,42.99,-0.05,0.0,10.0
2006,11.0,23.0,7.0,15.0,20.5,4.8,HUNGARY,no info,48.195,22.46,0.0,10.0
2006,11.0,23.0,11.0,4.0,44.3,4.7,CHINA,no info,44.229,83.524,0.0,20.0
2006,11.0,24.0,6.0,33.0,26.4,5.2,INDONESIA,no info,-3.728,119.23299999999999,0.0,31.0
2006,11.0,29.0,1.0,32.0,17.9,6.2,INDONESIA,no info,2.52,128.283,0.0,39.0
2006,12.0,1.0,14.0,1.0,47.5,6.3,INDONESIA,no info,-8.251,118.777,1.0,43.0
2006,12.0,8.0,16.0,48.0,39.1,3.9,SWITZERLAND,no info,47.58,7.6,0.0,5.0
2006,12.0,12.0,17.0,2.0,29.7,4.6,THAILAND,no info,18.901,98.916,0.0,10.0
2006,12.0,17.0,21.0,39.0,17.4,5.8,INDONESIA,no info,0.626,99.859,7.0,30.0
2006,12.0,24.0,22.0,43.0,26.7,4.2,INDIA,no info,26.88,76.15,0.0,10.0
2006,12.0,25.0,20.0,1.0,0.4,5.8,KYRGYZSTAN,no info,42.156000000000006,76.163,0.0,12.0
2006,12.0,26.0,12.0,26.0,21.1,7.0,TAIWAN,no info,21.799,120.54700000000001,2.0,10.0
2006,12.0,31.0,13.0,39.0,23.6,4.1,HUNGARY,no info,47.449,19.343,0.0,5.0
2007,1.0,8.0,17.0,21.0,50.2,6.0,KYRGYZSTAN,no info,39.803000000000004,70.311,0.0,18.0
2007,1.0,9.0,14.0,49.0,48.8,4.5,CHINA,no info,37.021,103.911,0.0,20.0
2007,1.0,10.0,17.0,18.0,58.3,4.7,CHINA,no info,33.259,104.74,0.0,23.0
2007,1.0,13.0,4.0,23.0,21.1,8.1,RUSSIA,no info,46.243,154.524,0.0,10.0
2007,1.0,21.0,7.0,38.0,57.0,5.1,TURKEY,no info,39.592,42.863,0.0,3.0
2007,1.0,21.0,11.0,27.0,45.0,7.5,INDONESIA,no info,1.065,126.28200000000001,4.0,22.0
2007,2.0,16.0,7.0,15.0,54.0,4.9,PHILIPPINES,no info,6.614,126.24,0.0,79.0
2007,2.0,21.0,11.0,5.0,29.2,5.7,TURKEY,no info,38.318000000000005,39.266999999999996,0.0,10.0
2007,3.0,6.0,3.0,49.0,38.9,6.4,INDONESIA,no info,-0.493,100.49799999999999,67.0,19.0
2007,3.0,6.0,13.0,5.0,12.1,5.0,COLOMBIA,no info,2.082,-76.495,0.0,43.0
2007,3.0,6.0,22.0,32.0,6.8,4.7,IRAN,no info,33.49,48.93,0.0,16.0
2007,3.0,25.0,0.0,40.0,1.6,7.1,VANUATU,no info,-20.616999999999997,169.357,0.0,34.0
2007,3.0,25.0,0.0,41.0,57.8,6.7,JAPAN,no info,37.336,136.588,1.0,8.0
2007,3.0,25.0,13.0,57.0,58.2,5.8,GREECE,no info,38.34,20.42,0.0,15.0
2007,4.0,1.0,20.0,39.0,56.3,8.1,SOLOMON ISLANDS,no info,-8.466000000000001,157.043,2.0,24.0
2007,4.0,13.0,5.0,42.0,23.0,6.0,MEXICO,no info,17.302,-100.198,0.0,34.0
2007,4.0,15.0,3.0,19.0,30.3,4.6,JAPAN,no info,34.806999999999995,136.239,0.0,16.0
2007,4.0,16.0,7.0,38.0,53.8,4.5,ALBANIA,no info,41.172,19.897000000000002,0.0,14.0
2007,4.0,21.0,17.0,53.0,46.3,6.2,CHILE,no info,-45.243,-72.648,2.0,37.0
2007,4.0,28.0,7.0,18.0,11.3,4.6,UK,no info,51.085,1.0090000000000001,0.0,10.0
2007,5.0,8.0,15.0,46.0,49.1,4.5,USA,MT,45.394,-112.13,0.0,14.0
2007,5.0,16.0,8.0,56.0,16.4,6.3,LAOS,no info,20.504,100.74600000000001,0.0,24.0
2007,5.0,29.0,9.0,36.0,5.6,6.1,INDONESIA,no info,-1.065,127.34299999999999,0.0,24.0
2007,6.0,2.0,21.0,34.0,57.7,6.1,CHINA,no info,23.028000000000002,101.052,3.0,5.0
2007,6.0,13.0,19.0,29.0,40.1,6.7,GUATEMALA,no info,13.554,-90.618,0.0,23.0
2007,6.0,18.0,14.0,29.0,48.2,5.5,IRAN,no info,34.437,50.833,0.0,5.0
2007,7.0,13.0,7.0,20.0,25.5,4.5,ECUADOR,no info,-3.987,-79.836,0.0,50.0
2007,7.0,16.0,1.0,13.0,22.0,6.6,JAPAN,no info,37.57,138.47799999999998,9.0,10.0
2007,7.0,20.0,10.0,6.0,52.0,5.6,CHINA,no info,42.913000000000004,82.37799999999999,0.0,10.0
2007,7.0,20.0,11.0,42.0,22.3,4.2,USA,CA,37.804,-122.193,0.0,5.0
2007,7.0,21.0,22.0,44.0,13.5,5.2,TAJIKISTAN,no info,38.936,70.485,12.0,10.0
2007,7.0,22.0,23.0,2.0,14.7,4.3,INDIA,no info,30.881,78.23899999999999,0.0,19.0
2007,7.0,26.0,5.0,40.0,16.1,6.9,INDONESIA,no info,2.872,127.464,0.0,25.0
2007,8.0,1.0,17.0,8.0,51.4,7.2,VANUATU,no info,-15.595,167.68,0.0,120.0
2007,8.0,2.0,2.0,37.0,42.3,6.2,RUSSIA,no info,47.11600000000001,141.798,2.0,5.0
2007,8.0,2.0,3.0,21.0,42.8,6.7,USA,AK,51.306999999999995,-179.97099999999998,0.0,21.0
2007,8.0,6.0,8.0,48.0,40.0,4.2,USA,UT,39.465,-111.23700000000001,9.0,2.0
2007,8.0,8.0,17.0,4.0,58.0,7.5,INDONESIA,no info,-5.968,107.655,0.0,289.0
2007,8.0,15.0,23.0,40.0,57.8,8.0,PERU,no info,-13.386,-76.60300000000001,514.0,39.0
2007,8.0,17.0,0.0,38.0,56.0,1.6,USA,UT,39.464,-111.20700000000001,3.0,0.0
2007,8.0,20.0,19.0,15.0,53.5,4.4,INDIA,no info,17.2,73.7,0.0,5.0
2007,8.0,25.0,4.0,24.0,21.9,5.0,IRAN,no info,28.154,56.652,0.0,10.0
2007,9.0,2.0,1.0,5.0,18.1,7.2,SOLOMON ISLANDS,no info,-11.61,165.762,0.0,35.0
2007,9.0,9.0,18.0,36.0,37.6,4.8,INDONESIA,no info,-7.7829999999999995,114.338,0.0,35.0
2007,9.0,10.0,1.0,49.0,14.2,6.8,COLOMBIA,no info,2.9819999999999998,-77.967,0.0,31.0
2007,9.0,12.0,11.0,10.0,26.8,8.4,INDONESIA,no info,-4.438,101.367,25.0,34.0
2007,9.0,12.0,23.0,49.0,3.7,7.9,INDONESIA,no info,-2.625,100.84100000000001,0.0,35.0
2007,9.0,28.0,13.0,38.0,57.8,7.5,JAPAN,no info,22.013,142.668,0.0,260.0
2007,9.0,30.0,5.0,23.0,34.0,7.4,NEW ZEALAND,no info,-49.418,163.954,0.0,10.0
2007,10.0,15.0,12.0,29.0,36.0,6.8,NEW ZEALAND,no info,-44.785,167.583,0.0,26.0
2007,10.0,26.0,6.0,50.0,6.6,4.8,PAKISTAN,no info,35.304,76.753,1.0,10.0
2007,10.0,31.0,3.0,4.0,54.8,5.6,USA,CA,37.434,-121.774,0.0,10.0
2007,11.0,6.0,9.0,38.0,5.7,5.1,INDIA,no info,21.180999999999997,70.72399999999999,1.0,10.0
2007,11.0,7.0,4.0,12.0,38.6,5.1,PHILIPPINES,no info,9.721,124.647,1.0,72.0
2007,11.0,7.0,7.0,10.0,21.9,5.1,BANGLADESH,no info,22.15,92.38799999999999,0.0,29.0
2007,11.0,14.0,15.0,40.0,50.5,7.7,CHILE,no info,-22.247,-69.89,2.0,40.0
2007,11.0,16.0,3.0,13.0,0.1,6.8,ECUADOR,no info,-2.312,-77.83800000000001,0.0,123.0
2007,11.0,20.0,5.0,20.0,3.4,4.8,IRAN,no info,31.68,49.93,0.0,7.0
2007,11.0,25.0,16.0,2.0,17.9,6.5,INDONESIA,no info,-8.277000000000001,118.339,3.0,35.0
2007,11.0,25.0,23.0,12.0,17.0,4.7,INDIA,no info,28.555,77.057,0.0,10.0
2007,11.0,29.0,19.0,0.0,20.4,7.4,MARTINIQUE,no info,14.944,-61.273999999999994,1.0,156.0
2007,12.0,9.0,2.0,3.0,29.4,4.6,BRAZIL,no info,-15.048,-44.231,1.0,10.0
2007,12.0,9.0,7.0,28.0,20.8,7.8,KERMADEC ISLANDS (NEW ZEALAND),no info,-25.996,-177.514,0.0,153.0
2007,12.0,15.0,18.0,22.0,27.1,5.9,CHILE,no info,-32.689,-71.695,0.0,25.0
2007,12.0,20.0,7.0,55.0,15.8,6.6,NEW ZEALAND,no info,-39.010999999999996,178.291,1.0,20.0
2007,12.0,20.0,9.0,48.0,29.9,5.7,TURKEY,no info,39.417,33.211999999999996,0.0,10.0
2007,12.0,26.0,23.0,47.0,10.7,5.6,TURKEY,no info,39.446,33.162,0.0,8.0
2008,1.0,1.0,6.0,32.0,27.9,5.6,KYRGYZSTAN,no info,40.288000000000004,72.985,0.0,6.0
2008,1.0,5.0,1.0,56.0,45.4,5.6,GUATEMALA,no info,14.129000000000001,-91.479,0.0,66.0
2008,1.0,7.0,3.0,12.0,26.8,5.9,INDONESIA,no info,-0.795,134.012,0.0,12.0
2008,1.0,9.0,22.0,24.0,3.8,4.6,ALGERIA,no info,35.616,-0.57,1.0,10.0
2008,1.0,12.0,22.0,44.0,47.3,5.0,BANGLADESH,no info,22.761,92.333,0.0,34.0
2008,1.0,22.0,17.0,14.0,57.9,6.1,INDONESIA,no info,1.011,97.44200000000001,1.0,20.0
2008,2.0,3.0,7.0,34.0,12.1,5.9,CONGO,no info,-2.296,28.9,38.0,10.0
2008,2.0,6.0,6.0,9.0,40.4,4.3,INDIA,no info,23.433000000000003,87.111,1.0,10.0
2008,2.0,9.0,7.0,12.0,5.8,5.1,MEXICO,no info,32.455999999999996,-115.315,0.0,3.0
2008,2.0,13.0,20.0,55.0,31.5,4.9,IRAN,no info,31.73,51.2,0.0,14.0
2008,2.0,14.0,2.0,7.0,46.7,4.9,RWANDA,no info,-2.404,28.918000000000003,1.0,10.0
2008,2.0,15.0,10.0,36.0,19.0,5.0,LEBANON,no info,33.327,35.305,0.0,10.0
2008,2.0,20.0,8.0,8.0,30.5,7.4,INDONESIA,no info,2.7680000000000002,95.964,3.0,26.0
2008,2.0,21.0,14.0,16.0,2.7,6.0,USA,NV,41.153,-114.867,0.0,7.0
2008,2.0,25.0,8.0,36.0,33.0,6.5,INDONESIA,no info,-2.4859999999999998,99.97200000000001,0.0,25.0
2008,2.0,27.0,0.0,56.0,47.8,4.8,UK,no info,53.403,-0.332,0.0,18.0
2008,2.0,29.0,4.0,46.0,0.0,4.3,BRAZIL,no info,-3.7,-40.35,0.0,10.0
2008,3.0,9.0,11.0,10.0,41.0,4.5,INDIA,no info,23.33,70.592,0.0,10.0
2008,3.0,20.0,22.0,32.0,57.9,7.2,CHINA,no info,35.49,81.467,0.0,10.0
2008,3.0,29.0,12.0,51.0,24.7,5.3,PERU,no info,-12.177999999999999,-77.164,0.0,51.0
2008,4.0,9.0,12.0,46.0,12.7,7.3,NEW CALEDONIA,no info,-20.070999999999998,168.892,0.0,33.0
2008,4.0,15.0,3.0,3.0,4.6,6.1,GUATEMALA,no info,13.564,-90.59899999999999,0.0,33.0
2008,4.0,18.0,9.0,36.0,59.1,5.3,USA,IL,38.452,-87.88600000000001,0.0,14.0
2008,4.0,26.0,6.0,40.0,10.6,5.0,USA,NV,39.52,-119.93,0.0,1.0
2008,4.0,28.0,18.0,33.0,34.2,6.4,VANUATU,no info,-19.941,168.953,0.0,32.0
2008,5.0,1.0,0.0,15.0,27.4,4.5,IRAN,no info,33.86,48.59,0.0,16.0
2008,5.0,7.0,16.0,45.0,20.2,6.8,JAPAN,no info,36.158,141.52100000000002,0.0,39.0
2008,5.0,12.0,6.0,28.0,1.5,7.9,CHINA,no info,31.002,103.322,87652.0,19.0
2008,5.0,21.0,19.0,23.0,57.3,0.0,BRAZIL,no info,-3.91,-40.44,0.0,10.0
2008,5.0,24.0,19.0,20.0,42.4,5.6,COLOMBIA,no info,4.33,-73.764,6.0,9.0
2008,5.0,25.0,8.0,21.0,48.7,6.0,CHINA,no info,32.57,105.42399999999999,8.0,10.0
2008,5.0,26.0,15.0,1.0,33.6,5.6,COSTA RICA,no info,8.423,-82.96799999999999,0.0,13.0
2008,5.0,27.0,8.0,37.0,51.5,5.7,CHINA,no info,32.71,105.54,0.0,10.0
2008,5.0,29.0,15.0,46.0,0.4,6.3,ICELAND,no info,64.00399999999999,-21.011999999999997,0.0,10.0
2008,6.0,6.0,20.0,2.0,56.8,5.5,ALGERIA,no info,35.883,-0.6579999999999999,1.0,4.0
2008,6.0,6.0,21.0,16.0,33.8,3.8,INDIA,no info,24.701999999999998,84.964,0.0,11.0
2008,6.0,8.0,12.0,25.0,29.7,6.3,GREECE,no info,37.963,21.525,2.0,16.0
2008,6.0,13.0,23.0,43.0,45.3,6.9,JAPAN,no info,39.03,140.881,13.0,8.0
2008,7.0,1.0,0.0,17.0,33.2,5.5,PERU,no info,-10.368,-75.512,0.0,33.0
2008,7.0,3.0,23.0,10.0,2.0,5.0,IRAN,no info,35.5,58.8,0.0,10.0
2008,7.0,5.0,2.0,12.0,4.4,7.7,RUSSIA,no info,53.882,152.886,0.0,633.0
2008,7.0,8.0,9.0,13.0,7.4,6.2,PERU,no info,-15.985999999999999,-71.748,1.0,123.0
2008,7.0,19.0,2.0,39.0,28.7,6.9,JAPAN,no info,37.552,142.214,0.0,22.0
2008,7.0,23.0,15.0,26.0,19.9,6.8,JAPAN,no info,39.802,141.464,1.0,108.0
2008,7.0,24.0,7.0,9.0,30.0,5.6,CHINA,no info,32.747,105.542,1.0,10.0
2008,7.0,29.0,18.0,42.0,15.7,5.4,USA,CA,33.953,-117.76100000000001,0.0,15.0
2008,8.0,1.0,8.0,32.0,43.0,5.7,CHINA,no info,32.036,104.72200000000001,0.0,7.0
2008,8.0,5.0,9.0,49.0,17.2,6.0,CHINA,no info,32.756,105.494,4.0,6.0
2008,8.0,11.0,7.0,19.0,26.4,5.2,VENEZUELA,no info,10.514000000000001,-64.171,0.0,13.0
2008,8.0,15.0,10.0,25.0,16.5,6.0,PHILIPPINES,no info,12.897,124.319,0.0,10.0
2008,8.0,19.0,21.0,35.0,17.2,5.0,CHINA,no info,25.051,97.919,0.0,46.0
2008,8.0,21.0,12.0,24.0,29.5,6.0,CHINA,no info,25.044,97.684,5.0,1.0
2008,8.0,25.0,11.0,25.0,19.3,5.5,NEW ZEALAND,no info,-39.715,176.851,0.0,32.0
2008,8.0,25.0,13.0,21.0,58.8,6.7,CHINA,no info,30.901,83.52,0.0,12.0
2008,8.0,26.0,8.0,7.0,8.5,5.0,ATLANTIC OCEAN,no info,-52.533,26.416999999999998,0.0,10.0
2008,8.0,27.0,1.0,35.0,32.1,6.2,RUSSIA,no info,51.607,104.15799999999999,0.0,16.0
2008,8.0,30.0,8.0,30.0,54.0,5.9,CHINA,no info,26.272,101.93700000000001,43.0,17.0
2008,9.0,3.0,2.0,22.0,47.0,4.1,TURKEY,no info,37.507,38.503,0.0,6.0
2008,9.0,9.0,3.0,7.0,27.5,5.4,INDONESIA,no info,-3.935,103.05799999999999,2.0,25.0
2008,9.0,10.0,11.0,0.0,34.0,6.1,IRAN,no info,26.743000000000002,55.828,7.0,12.0
2008,9.0,11.0,0.0,20.0,50.9,6.8,JAPAN,no info,41.891999999999996,143.754,0.0,25.0
2008,9.0,16.0,21.0,47.0,14.5,5.0,INDIA,no info,17.438,73.915,1.0,10.0
2008,10.0,5.0,15.0,52.0,49.4,6.6,KYRGYZSTAN,no info,39.533,73.824,74.0,27.0
2008,10.0,6.0,8.0,30.0,45.5,6.3,CHINA,no info,29.807,90.35,9.0,12.0
2008,10.0,11.0,9.0,6.0,10.7,5.7,RUSSIA,no info,43.372,46.254,13.0,16.0
2008,10.0,28.0,23.0,9.0,57.6,6.4,PAKISTAN,no info,30.639,67.351,166.0,15.0
2008,10.0,29.0,11.0,32.0,43.1,6.4,PAKISTAN,no info,30.598000000000003,67.455,0.0,14.0
2008,11.0,10.0,1.0,22.0,2.5,6.3,CHINA,no info,37.565,95.833,0.0,19.0
2008,11.0,16.0,17.0,2.0,32.7,7.3,INDONESIA,no info,1.271,122.09100000000001,6.0,30.0
2008,11.0,19.0,6.0,11.0,20.7,6.1,PANAMA,no info,8.267000000000001,-82.96700000000001,0.0,32.0
2008,11.0,22.0,22.0,27.0,55.1,4.1,CZECH REPUBLIC,no info,49.913999999999994,18.455,2.0,0.0
2008,12.0,7.0,13.0,36.0,21.3,5.4,IRAN,no info,26.99,55.8,0.0,15.0
2008,12.0,9.0,18.0,53.0,11.1,4.5,CHINA,no info,32.518,105.395,2.0,25.0
2008,12.0,10.0,10.0,53.0,50.0,4.1,ARGENTINA,no info,-32.938,-69.259,0.0,10.0
2008,12.0,25.0,20.0,20.0,51.5,4.7,MYANMAR (BURMA),no info,23.97,97.569,0.0,35.0
2008,12.0,25.0,20.0,20.0,51.5,4.8,CHINA,no info,23.97,97.569,0.0,35.0
2008,12.0,29.0,3.0,37.0,41.7,5.8,AFGHANISTAN,no info,36.400999999999996,71.075,0.0,158.0
2009,1.0,3.0,19.0,43.0,50.6,7.6,INDONESIA,no info,-0.414,132.885,5.0,17.0
2009,1.0,3.0,22.0,33.0,40.2,7.3,INDONESIA,no info,-0.691,133.305,0.0,23.0
2009,1.0,8.0,19.0,21.0,35.6,6.1,COSTA RICA,no info,10.165,-84.197,23.0,14.0
2009,1.0,15.0,17.0,49.0,39.0,7.4,RUSSIA,no info,46.857,155.154,0.0,36.0
2009,1.0,21.0,18.0,17.0,3.3,4.6,PERU,no info,-11.779000000000002,-75.626,0.0,10.0
2009,2.0,11.0,17.0,34.0,50.8,7.2,INDONESIA,no info,3.884,126.397,0.0,22.0
2009,2.0,20.0,3.0,48.0,48.2,5.4,PAKISTAN,no info,34.204,73.899,0.0,10.0
2009,2.0,20.0,10.0,2.0,29.1,5.5,CHINA,no info,40.657,78.692,0.0,17.0
2009,3.0,19.0,18.0,17.0,40.9,7.6,TONGA,no info,-23.046,-174.65900000000002,0.0,34.0
2009,3.0,26.0,4.0,44.0,11.6,4.1,INDIA,no info,22.399,85.90299999999999,0.0,10.0
2009,3.0,31.0,17.0,50.0,34.1,4.4,NICARAGUA,no info,13.452,-86.06,0.0,36.0
2009,4.0,6.0,1.0,32.0,39.0,6.3,ITALY,no info,42.333999999999996,13.334000000000001,309.0,9.0
2009,4.0,7.0,17.0,47.0,37.0,5.5,ITALY,no info,42.275,13.464,1.0,15.0
2009,4.0,9.0,1.0,46.0,58.2,5.2,INDIA,no info,27.143,70.749,0.0,44.0
2009,4.0,16.0,21.0,27.0,51.3,5.4,AFGHANISTAN,no info,34.185,70.07600000000001,19.0,6.0
2009,5.0,17.0,19.0,50.0,6.2,4.6,SAUDI ARABIA,no info,25.212,37.597,0.0,10.0
2009,5.0,19.0,17.0,35.0,0.6,5.7,SAUDI ARABIA,no info,25.291999999999998,37.744,0.0,2.0
2009,5.0,19.0,19.0,29.0,48.9,4.9,INDIA,no info,33.198,75.78699999999999,0.0,21.0
2009,5.0,24.0,16.0,17.0,50.8,5.3,MACEDONIA,no info,41.303000000000004,22.714000000000002,0.0,0.0
2009,5.0,28.0,8.0,24.0,45.0,7.3,HONDURAS,no info,16.72,-86.236,7.0,10.0
2009,5.0,29.0,6.0,20.0,14.6,5.7,VANUATU,no info,-17.026,168.329,0.0,13.0
2009,6.0,2.0,2.0,17.0,3.5,6.3,VANUATU,no info,-17.757,167.949,0.0,15.0
2009,6.0,13.0,17.0,17.0,38.2,5.4,KAZAKHSTAN,no info,44.724,78.86399999999999,1.0,15.0
2009,7.0,1.0,9.0,30.0,10.4,6.4,GREECE,no info,34.164,25.471,0.0,19.0
2009,7.0,4.0,6.0,49.0,35.5,6.0,PANAMA,no info,9.59,-78.96600000000001,0.0,38.0
2009,7.0,9.0,11.0,19.0,16.2,5.7,CHINA,no info,25.631999999999998,101.095,0.0,7.0
2009,7.0,15.0,9.0,22.0,29.0,7.8,NEW ZEALAND,no info,-45.762,166.562,0.0,12.0
2009,7.0,24.0,3.0,11.0,56.8,5.8,CHINA,no info,31.158,85.902,0.0,13.0
2009,8.0,8.0,13.0,26.0,17.5,3.4,CHINA,no info,29.358,105.43799999999999,2.0,10.0
2009,8.0,10.0,19.0,55.0,35.6,7.5,INDIA,no info,14.099,92.88799999999999,0.0,5.0
2009,8.0,10.0,20.0,7.0,9.1,6.4,JAPAN,no info,34.743,138.264,1.0,40.0
2009,8.0,16.0,7.0,38.0,21.7,6.7,INDONESIA,no info,-1.479,99.49,0.0,20.0
2009,8.0,28.0,1.0,52.0,6.6,6.2,CHINA,no info,37.696,95.71799999999999,0.0,13.0
2009,8.0,30.0,19.0,27.0,48.8,5.2,MYANMAR (BURMA),no info,25.28,95.101,0.0,82.0
2009,9.0,2.0,7.0,55.0,1.0,7.0,INDONESIA,no info,-7.782,107.29700000000001,81.0,46.0
2009,9.0,6.0,22.0,41.0,37.3,6.0,GEORGIA,no info,42.66,43.443000000000005,0.0,15.0
2009,9.0,12.0,20.0,6.0,24.6,6.3,VENEZUELA,no info,10.705,-67.92,0.0,10.0
2009,9.0,18.0,11.0,53.0,48.0,5.7,PHILIPPINES,no info,6.513,124.715,0.0,10.0
2009,9.0,18.0,23.0,6.0,57.7,5.7,INDONESIA,no info,-9.138,115.59299999999999,0.0,79.0
2009,9.0,21.0,8.0,53.0,5.9,6.1,BHUTAN,no info,27.331999999999997,91.43700000000001,11.0,14.0
2009,9.0,22.0,8.0,20.0,41.0,3.1,AUSTRALIA,no info,-38.28,145.25,0.0,0.0
2009,9.0,29.0,17.0,48.0,10.9,8.1,SAMOA,no info,-15.489,-172.095,0.0,18.0
2009,9.0,30.0,10.0,16.0,9.2,7.5,INDONESIA,no info,-0.72,99.867,1117.0,81.0
2009,10.0,1.0,1.0,52.0,27.3,6.6,INDONESIA,no info,-2.515,101.501,3.0,10.0
2009,10.0,7.0,22.0,3.0,14.4,7.6,VANUATU,no info,-13.005999999999998,166.51,0.0,45.0
2009,10.0,7.0,22.0,18.0,51.2,7.8,SOLOMON ISLANDS,no info,-12.517000000000001,166.382,0.0,35.0
2009,10.0,9.0,18.0,11.0,39.9,5.4,ECUADOR,no info,-0.9620000000000001,-77.817,0.0,35.0
2009,10.0,22.0,19.0,51.0,27.5,6.1,AFGHANISTAN,no info,36.516999999999996,70.95,5.0,18.0
2009,10.0,29.0,17.0,0.0,38.6,5.3,BHUTAN,no info,27.261999999999997,91.417,0.0,26.0
2009,11.0,1.0,21.0,7.0,20.6,4.9,CHINA,no info,25.962,100.825,0.0,25.0
2009,11.0,3.0,23.0,26.0,52.0,5.1,IRAN,no info,27.334,56.202,0.0,14.0
2009,11.0,8.0,19.0,41.0,43.3,6.6,INDONESIA,no info,-8.207,118.631,2.0,18.0
2009,11.0,27.0,8.0,15.0,53.3,5.4,VENEZUELA,no info,10.434000000000001,-69.715,0.0,7.0
2009,12.0,6.0,21.0,51.0,59.8,3.5,SOUTH AFRICA,no info,-26.414,27.494,2.0,2.0
2009,12.0,8.0,3.0,8.0,57.2,5.9,MALAWI,no info,-9.948,33.878,1.0,8.0
2009,12.0,12.0,11.0,51.0,25.7,5.1,INDIA,no info,17.109,73.767,0.0,10.0
2009,12.0,17.0,23.0,45.0,36.4,4.9,JAPAN,no info,34.921,139.261,0.0,7.0
2009,12.0,19.0,13.0,2.0,17.0,6.4,TAIWAN,no info,23.796,121.605,0.0,57.0
2009,12.0,19.0,23.0,19.0,15.5,6.0,MALAWI,no info,-10.107999999999999,33.818000000000005,3.0,6.0
2009,12.0,30.0,18.0,48.0,57.7,5.9,MEXICO,no info,32.437,-115.165,0.0,9.0
2009,12.0,31.0,9.0,57.0,29.7,5.2,BHUTAN,no info,27.319000000000003,91.51,0.0,10.0
2010,1.0,2.0,2.0,15.0,12.0,5.1,TAJIKISTAN,no info,38.245,71.467,0.0,47.0
2010,1.0,3.0,21.0,48.0,5.3,6.6,SOLOMON ISLANDS,no info,-8.743,157.477,0.0,26.0
2010,1.0,3.0,22.0,36.0,27.9,7.1,SOLOMON ISLANDS,no info,-8.799,157.346,0.0,25.0
2010,1.0,5.0,12.0,15.0,32.2,6.8,SOLOMON ISLANDS,no info,-9.019,157.55100000000002,0.0,15.0
2010,1.0,10.0,0.0,25.0,4.2,5.1,INDONESIA,no info,-7.907,107.87899999999999,1.0,65.0
2010,1.0,10.0,0.0,27.0,39.3,6.5,USA,CA,40.652,-124.69200000000001,0.0,29.0
2010,1.0,12.0,21.0,53.0,10.0,7.0,HAITI,no info,18.457,-72.533,316000.0,13.0
2010,1.0,15.0,18.0,0.0,46.7,5.5,VENEZUELA,no info,10.454,-63.475,0.0,8.0
2010,1.0,16.0,20.0,23.0,37.0,5.0,IRAN,no info,32.45,48.3,0.0,5.0
2010,1.0,17.0,9.0,37.0,26.1,4.4,CHINA,no info,25.558000000000003,105.804,7.0,27.0
2010,1.0,30.0,21.0,36.0,58.0,4.7,CHINA,no info,30.268,105.66799999999999,1.0,10.0
2010,2.0,25.0,4.0,56.0,51.9,4.8,CHINA,no info,25.523000000000003,101.90299999999999,0.0,36.0
2010,2.0,26.0,20.0,31.0,26.9,7.0,JAPAN,no info,25.93,128.425,0.0,25.0
2010,2.0,27.0,6.0,34.0,11.5,8.8,CHILE,no info,-36.122,-72.898,402.0,23.0
2010,2.0,27.0,15.0,45.0,37.0,6.3,ARGENTINA,no info,-24.872,-65.602,2.0,10.0
2010,3.0,4.0,0.0,18.0,51.2,6.3,TAIWAN,no info,22.918000000000003,120.795,0.0,21.0
2010,3.0,8.0,2.0,32.0,34.7,6.1,TURKEY,no info,38.864000000000004,39.986,51.0,12.0
2010,3.0,11.0,14.0,39.0,43.9,6.9,CHILE,no info,-34.29,-71.891,0.0,11.0
2010,3.0,30.0,16.0,54.0,46.7,6.7,INDIA,no info,13.667,92.831,0.0,34.0
2010,4.0,4.0,22.0,40.0,43.1,7.2,MEXICO,no info,32.297,-115.27799999999999,2.0,4.0
2010,4.0,6.0,22.0,15.0,1.5,7.8,INDONESIA,no info,2.383,97.04799999999999,0.0,31.0
2010,4.0,13.0,23.0,49.0,38.3,6.9,CHINA,no info,33.165,96.54799999999999,2220.0,17.0
2010,4.0,18.0,20.0,28.0,50.2,5.6,AFGHANISTAN,no info,35.633,67.658,11.0,13.0
2010,4.0,20.0,0.0,17.0,8.0,5.2,AUSTRALIA,no info,-30.794,121.406,0.0,0.0
2010,5.0,1.0,22.0,36.0,29.3,4.5,INDIA,no info,30.099,80.02600000000001,0.0,36.0
2010,5.0,6.0,2.0,42.0,47.9,6.2,PERU,no info,-18.058,-70.547,0.0,37.0
2010,5.0,9.0,5.0,59.0,41.6,7.2,INDONESIA,no info,3.748,96.01799999999999,0.0,38.0
2010,5.0,14.0,12.0,29.0,22.3,5.2,ALGERIA,no info,35.9,4.12,2.0,2.0
2010,5.0,16.0,5.0,16.0,10.0,5.8,USA TERRITORY,PR,18.4,-67.07,0.0,113.0
2010,5.0,29.0,11.0,46.0,50.3,4.4,USA TERRITORY,MP,16.590999999999998,145.68200000000002,0.0,10.0
2010,6.0,12.0,19.0,26.0,50.4,7.5,INDIA,no info,7.881,91.936,0.0,35.0
2010,6.0,15.0,4.0,26.0,58.4,5.8,USA,CA,32.7,-115.921,0.0,5.0
2010,6.0,16.0,3.0,16.0,27.5,7.0,INDONESIA,no info,-2.174,136.543,17.0,18.0
2010,6.0,18.0,23.0,9.0,31.0,5.9,INDIA,no info,13.197000000000001,93.087,0.0,20.0
2010,6.0,22.0,23.0,14.0,10.8,5.2,INDIA,no info,29.872,80.428,0.0,16.0
2010,6.0,23.0,17.0,41.0,41.0,5.2,CANADA,no info,45.88,-75.48,0.0,22.0
2010,6.0,30.0,7.0,22.0,27.6,6.2,MEXICO,no info,16.396,-97.78200000000001,1.0,20.0
2010,7.0,20.0,19.0,38.0,9.5,5.8,IRAN,no info,27.022,53.861000000000004,1.0,10.0
2010,7.0,23.0,22.0,51.0,12.4,7.6,PHILIPPINES,no info,6.486000000000001,123.46700000000001,0.0,586.0
2010,7.0,30.0,13.0,50.0,13.2,5.4,IRAN,no info,35.217,59.308,0.0,24.0
2010,8.0,10.0,5.0,23.0,44.9,7.2,VANUATU,no info,-17.541,168.06900000000002,0.0,25.0
2010,8.0,12.0,11.0,54.0,15.5,7.1,ECUADOR,no info,-1.266,-77.306,0.0,207.0
2010,8.0,13.0,21.0,19.0,33.0,6.9,USA TERRITORY,GU,12.484000000000002,141.476,0.0,10.0
2010,8.0,27.0,19.0,23.0,49.5,5.7,IRAN,no info,35.49,54.47,3.0,7.0
2010,8.0,29.0,0.0,53.0,31.4,4.9,CHINA,no info,27.197,103.005,0.0,35.0
2010,9.0,3.0,16.0,35.0,47.7,7.0,NEW ZEALAND,no info,-43.522,171.83,0.0,12.0
2010,9.0,6.0,11.0,24.0,1.5,5.0,NEW ZEALAND,no info,-43.57,172.388,0.0,9.0
2010,9.0,6.0,22.0,48.0,33.2,5.1,NEW ZEALAND,no info,-40.433,176.81799999999998,0.0,21.0
2010,9.0,7.0,19.0,49.0,57.4,5.0,NEW ZEALAND,no info,-43.598,172.69,0.0,6.0
2010,9.0,10.0,17.0,24.0,16.6,4.8,BANGLADESH,no info,23.406999999999996,90.648,0.0,10.0
2010,9.0,27.0,11.0,22.0,46.0,5.8,IRAN,no info,29.647,51.665,1.0,27.0
2010,10.0,10.0,21.0,44.0,25.9,5.2,PAKISTAN,no info,33.869,72.887,1.0,33.0
2010,10.0,25.0,14.0,42.0,22.0,7.8,INDONESIA,no info,-3.487,100.08200000000001,0.0,20.0
2010,11.0,3.0,0.0,56.0,55.0,5.5,SERBIA,no info,43.76,20.673000000000002,2.0,1.0
2010,11.0,6.0,3.0,52.0,20.0,4.9,IRAN,no info,33.37,48.94,0.0,5.0
2010,11.0,12.0,9.0,37.0,19.9,4.7,PAKISTAN,no info,30.178,67.117,0.0,27.0
2010,12.0,16.0,12.0,14.0,24.5,5.1,ETHIOPIA,no info,7.521,37.839,0.0,10.0
2010,12.0,19.0,5.0,5.0,30.0,3.7,USA,OK,35.827,-96.772,0.0,5.0
2010,12.0,20.0,18.0,41.0,59.2,6.5,IRAN,no info,28.412,59.18,7.0,12.0
2010,12.0,21.0,17.0,19.0,40.6,7.4,JAPAN,no info,26.901,143.69799999999998,0.0,14.0
2010,12.0,25.0,13.0,16.0,37.0,7.3,VANUATU,no info,-19.702,167.947,0.0,16.0
2010,12.0,25.0,21.0,30.0,15.7,4.5,NEW ZEALAND,no info,-43.55,172.64700000000002,0.0,5.0
2011,1.0,5.0,16.0,32.0,24.2,4.5,IRAN,no info,30.16,51.62,0.0,24.0
2011,1.0,9.0,10.0,3.0,44.2,6.5,VANUATU,no info,-19.157,168.31099999999998,0.0,24.0
2011,1.0,18.0,20.0,23.0,23.4,7.2,PAKISTAN,no info,28.776999999999997,63.951,3.0,68.0
2011,2.0,1.0,7.0,11.0,26.0,4.8,CHINA,no info,24.693,97.943,0.0,31.0
2011,2.0,4.0,13.0,53.0,46.2,6.3,MYANMAR (BURMA),no info,24.618000000000002,94.68,1.0,85.0
2011,2.0,11.0,20.0,5.0,30.7,6.8,CHILE,no info,-36.474000000000004,-73.125,0.0,28.0
2011,2.0,17.0,22.0,47.0,21.5,3.1,USA,CO,38.946999999999996,-107.49700000000001,0.0,1.0
2011,2.0,21.0,23.0,51.0,42.3,6.1,NEW ZEALAND,no info,-43.583,172.68,181.0,6.0
2011,3.0,3.0,15.0,12.0,1.4,5.5,PHILIPPINES,no info,9.457,125.935,0.0,50.0
2011,3.0,9.0,2.0,45.0,20.3,7.5,JAPAN,no info,38.435,142.842,0.0,32.0
2011,3.0,10.0,4.0,58.0,16.0,5.5,CHINA,no info,24.719,97.969,25.0,26.0
2011,3.0,11.0,5.0,46.0,24.1,9.1,JAPAN,no info,38.297,142.372,1475.0,30.0
2011,3.0,11.0,6.0,15.0,40.2,7.9,JAPAN,no info,36.281,141.111,0.0,43.0
2011,3.0,11.0,6.0,25.0,50.3,7.6,JAPAN,no info,38.058,144.59,0.0,19.0
2011,3.0,24.0,13.0,55.0,12.0,6.8,MYANMAR (BURMA),no info,20.686999999999998,99.822,75.0,8.0
2011,4.0,4.0,11.0,31.0,43.0,5.4,NEPAL,no info,29.698,80.75399999999999,0.0,26.0
2011,4.0,7.0,14.0,32.0,43.2,7.1,JAPAN,no info,38.275999999999996,141.588,3.0,42.0
2011,4.0,10.0,9.0,2.0,47.3,5.1,CHINA,no info,31.373,100.757,0.0,43.0
2011,4.0,11.0,8.0,16.0,12.7,6.6,JAPAN,no info,37.001,140.401,7.0,11.0
2011,4.0,24.0,23.0,7.0,51.4,6.1,INDONESIA,no info,-4.586,122.771,0.0,8.0
2011,5.0,10.0,8.0,55.0,9.0,6.8,NEW CALEDONIA,no info,-20.244,168.226,0.0,11.0
2011,5.0,11.0,16.0,47.0,25.7,5.1,SPAIN,no info,37.699,-1.672,10.0,1.0
2011,5.0,19.0,21.0,12.0,51.0,4.3,TURKEY,no info,39.12,29.04,2.0,7.0
2011,6.0,8.0,1.0,53.0,26.0,5.3,CHINA,no info,43.015,88.24700000000001,0.0,21.0
2011,6.0,13.0,2.0,20.0,49.3,6.0,NEW ZEALAND,no info,-43.56399999999999,172.743,1.0,6.0
2011,6.0,20.0,10.0,16.0,55.2,5.3,CHINA,no info,25.075,98.721,0.0,39.0
2011,6.0,24.0,3.0,9.0,39.4,7.3,USA,AK,52.05,-171.83599999999998,0.0,52.0
2011,6.0,26.0,7.0,48.0,16.7,5.3,CHINA,no info,32.446999999999996,95.948,0.0,29.0
2011,7.0,6.0,19.0,3.0,18.2,7.6,KERMADEC ISLANDS (NEW ZEALAND),no info,-29.539,-176.34,0.0,17.0
2011,7.0,10.0,0.0,57.0,10.8,7.0,JAPAN,no info,38.034,143.264,0.0,23.0
2011,7.0,19.0,19.0,35.0,43.4,6.1,UZBEKISTAN,no info,40.080999999999996,71.41,14.0,20.0
2011,8.0,9.0,11.0,50.0,22.2,5.0,CHINA,no info,24.932,98.73,0.0,40.0
2011,8.0,11.0,10.0,6.0,29.3,5.7,CHINA,no info,39.955,77.028,0.0,10.0
2011,8.0,20.0,16.0,55.0,2.8,7.1,VANUATU,no info,-18.365,168.143,0.0,32.0
2011,8.0,20.0,18.0,19.0,23.5,7.0,VANUATU,no info,-18.311,168.218,0.0,28.0
2011,8.0,23.0,5.0,46.0,18.2,5.4,USA,CO,37.063,-104.70100000000001,0.0,4.0
2011,8.0,23.0,17.0,51.0,4.5,5.8,USA,VA,37.936,-77.933,0.0,6.0
2011,9.0,2.0,10.0,55.0,53.5,6.8,USA,AK,52.17100000000001,-171.708,0.0,32.0
2011,9.0,5.0,17.0,55.0,11.2,6.7,INDONESIA,no info,2.965,97.89299999999999,10.0,91.0
2011,9.0,7.0,17.0,58.0,18.7,4.3,INDIA,no info,28.724,77.189,0.0,10.0
2011,9.0,18.0,12.0,40.0,51.8,6.9,INDIA,no info,27.73,88.155,111.0,50.0
2011,9.0,19.0,18.0,33.0,55.8,5.6,GUATEMALA,no info,14.186,-90.238,1.0,9.0
2011,10.0,20.0,17.0,18.0,34.1,5.0,INDIA,no info,21.211,70.533,0.0,10.0
2011,10.0,21.0,17.0,57.0,16.1,7.4,KERMADEC ISLANDS (NEW ZEALAND),no info,-28.993000000000002,-176.238,0.0,33.0
2011,10.0,23.0,10.0,41.0,22.9,7.1,TURKEY,no info,38.722,43.513000000000005,604.0,16.0
2011,10.0,28.0,18.0,54.0,34.0,6.9,PERU,no info,-14.437999999999999,-75.96600000000001,1.0,24.0
2011,10.0,29.0,0.0,43.0,55.1,3.5,INDIA,no info,27.449,88.684,2.0,10.0
2011,10.0,29.0,13.0,50.0,49.0,4.0,ECUADOR,no info,-0.13,-78.37,0.0,3.0
2011,11.0,1.0,0.0,21.0,28.0,5.6,CHINA,no info,43.648,82.43700000000001,0.0,28.0
2011,11.0,6.0,3.0,53.0,10.0,5.7,USA,OK,35.532,-96.765,0.0,5.0
2011,11.0,7.0,9.0,43.0,15.9,5.0,PHILIPPINES,no info,7.904,125.185,0.0,46.0
2011,11.0,8.0,2.0,46.0,57.0,5.0,USA,OK,35.531,-96.788,0.0,5.0
2011,11.0,9.0,19.0,23.0,33.2,5.7,TURKEY,no info,38.429,43.229,40.0,5.0
2011,11.0,21.0,3.0,15.0,42.2,5.8,INDIA,no info,24.955,95.236,0.0,114.0
2011,11.0,24.0,21.0,13.0,15.6,5.1,EL SALVADOR,no info,13.297,-87.898,0.0,43.0
2011,12.0,1.0,12.0,48.0,17.7,5.3,CHINA,no info,38.31,76.888,0.0,32.0
2011,12.0,3.0,6.0,19.0,10.4,5.3,NEW ZEALAND,no info,-41.364,174.315,0.0,56.0
2011,12.0,11.0,1.0,47.0,25.9,6.4,MEXICO,no info,17.844,-99.963,2.0,54.0
2011,12.0,23.0,0.0,58.0,38.3,5.8,NEW ZEALAND,no info,-43.49,172.8,0.0,10.0
2011,12.0,27.0,15.0,21.0,56.8,6.7,RUSSIA,no info,51.842,95.911,0.0,15.0
2012,1.0,19.0,12.0,35.0,51.3,5.3,IRAN,no info,36.288000000000004,58.835,0.0,8.0
2012,1.0,30.0,5.0,11.0,0.9,6.4,PERU,no info,-14.168,-75.635,0.0,43.0
2012,2.0,2.0,13.0,34.0,40.6,7.0,VANUATU,no info,-17.827,167.13299999999998,0.0,23.0
2012,2.0,6.0,3.0,49.0,12.5,6.7,PHILIPPINES,no info,9.999,123.206,51.0,11.0
2012,2.0,26.0,2.0,35.0,0.5,5.9,TAIWAN,no info,22.660999999999998,120.891,0.0,28.0
2012,2.0,27.0,18.0,48.0,55.3,5.2,IRAN,no info,31.428,56.778,0.0,10.0
2012,3.0,5.0,23.0,6.0,30.8,5.6,PHILIPPINES,no info,12.354000000000001,123.7,0.0,37.0
2012,3.0,9.0,7.0,9.0,50.9,6.7,VANUATU,no info,-19.125,169.613,0.0,16.0
2012,3.0,14.0,9.0,8.0,35.1,6.9,JAPAN,no info,40.887,144.944,0.0,12.0
2012,3.0,16.0,7.0,58.0,2.5,5.8,PHILIPPINES,no info,10.037,125.633,0.0,18.0
2012,3.0,20.0,18.0,2.0,47.4,7.4,MEXICO,no info,16.493,-98.23100000000001,2.0,20.0
2012,3.0,25.0,22.0,37.0,6.0,7.2,CHILE,no info,-35.2,-72.217,1.0,41.0
2012,4.0,11.0,8.0,38.0,36.7,8.6,INDONESIA,no info,2.327,93.06299999999999,10.0,20.0
2012,4.0,11.0,10.0,43.0,10.8,8.2,INDONESIA,no info,0.802,92.463,0.0,25.0
2012,4.0,14.0,22.0,5.0,26.4,6.3,VANUATU,no info,-18.972,168.74099999999999,0.0,11.0
2012,4.0,17.0,3.0,50.0,15.6,6.7,CHILE,no info,-32.625,-71.365,2.0,29.0
2012,5.0,3.0,10.0,9.0,35.6,5.4,IRAN,no info,32.747,47.726000000000006,0.0,10.0
2012,5.0,7.0,4.0,40.0,27.7,5.7,AZERBAIJAN,no info,41.549,46.788999999999994,0.0,11.0
2012,5.0,11.0,12.0,41.0,35.3,5.4,INDIA,no info,26.175,92.889,0.0,43.0
2012,5.0,12.0,23.0,48.0,43.5,5.7,TAJIKISTAN,no info,38.611999999999995,70.354,1.0,10.0
2012,5.0,14.0,10.0,0.0,40.2,6.3,CHILE,no info,-17.678,-69.59100000000001,0.0,10.0
2012,5.0,19.0,13.0,41.0,21.2,4.1,BRAZIL,no info,-16.764,-43.998999999999995,0.0,10.0
2012,5.0,20.0,2.0,3.0,52.0,6.1,ITALY,no info,44.89,11.23,7.0,6.0
2012,5.0,20.0,13.0,18.0,2.0,5.1,ITALY,no info,44.831,11.49,0.0,5.0
2012,5.0,22.0,0.0,0.0,32.7,5.6,BULGARIA,no info,42.645,22.968000000000004,0.0,10.0
2012,5.0,29.0,7.0,0.0,3.0,5.9,ITALY,no info,44.851000000000006,11.085999999999999,17.0,10.0
2012,6.0,4.0,11.0,18.0,13.4,5.8,INDONESIA,no info,-7.692,106.37100000000001,0.0,50.0
2012,6.0,10.0,12.0,44.0,16.5,6.1,TURKEY,no info,36.42,28.88,0.0,35.0
2012,6.0,11.0,5.0,29.0,11.5,5.8,AFGHANISTAN,no info,36.023,69.351,75.0,16.0
2012,6.0,14.0,5.0,52.0,53.6,5.3,TURKEY,no info,37.294000000000004,42.325,0.0,5.0
2012,6.0,24.0,7.0,59.0,34.8,5.5,CHINA,no info,27.767,100.781,4.0,10.0
2012,6.0,29.0,21.0,7.0,33.8,6.3,CHINA,no info,43.433,84.7,0.0,18.0
2012,7.0,20.0,12.0,11.0,52.0,4.9,CHINA,no info,32.978,119.59299999999999,1.0,10.0
2012,7.0,25.0,0.0,27.0,45.2,6.5,INDONESIA,no info,2.707,96.045,1.0,22.0
2012,7.0,25.0,11.0,20.0,27.0,6.4,SOLOMON ISLANDS,no info,-9.693999999999999,159.727,0.0,20.0
2012,8.0,11.0,12.0,23.0,18.1,6.5,IRAN,no info,38.329,46.826,306.0,11.0
2012,8.0,14.0,2.0,59.0,38.4,7.7,RUSSIA,no info,49.8,145.064,0.0,583.0
2012,8.0,18.0,9.0,41.0,52.4,6.3,INDONESIA,no info,-1.315,120.096,6.0,10.0
2012,8.0,27.0,4.0,37.0,19.4,7.3,NICARAGUA,no info,12.139000000000001,-88.59,0.0,28.0
2012,8.0,31.0,12.0,47.0,33.3,7.6,PHILIPPINES,no info,10.811,126.63799999999999,1.0,28.0
2012,9.0,5.0,14.0,42.0,7.8,7.6,COSTA RICA,no info,10.085,-85.315,2.0,35.0
2012,9.0,7.0,3.0,19.0,42.5,5.6,CHINA,no info,27.575,103.98299999999999,81.0,10.0
2012,10.0,18.0,2.0,33.0,27.9,5.0,INDIA,no info,23.739,81.314,0.0,10.0
2012,10.0,28.0,3.0,4.0,8.9,7.7,CANADA,no info,52.788000000000004,-132.101,0.0,14.0
2012,11.0,7.0,16.0,35.0,46.9,7.3,GUATEMALA,no info,13.988,-91.895,48.0,24.0
2012,11.0,11.0,1.0,12.0,38.8,6.8,MYANMAR (BURMA),no info,23.005,95.885,26.0,14.0
2012,11.0,26.0,5.0,33.0,48.8,5.1,CHINA,no info,40.411,90.355,0.0,10.0
2012,12.0,5.0,17.0,8.0,13.5,5.7,IRAN,no info,33.506,59.571000000000005,8.0,14.0
2012,12.0,7.0,8.0,18.0,23.1,7.2,JAPAN,no info,37.89,143.94899999999998,0.0,31.0
2013,1.0,5.0,8.0,58.0,19.3,7.5,USA,AK,55.393,-134.65200000000002,0.0,10.0
2013,1.0,21.0,22.0,22.0,52.7,6.1,INDONESIA,no info,4.927,95.90700000000001,1.0,12.0
2013,2.0,6.0,1.0,12.0,25.8,7.9,SOLOMON ISLANDS,no info,-10.799000000000001,165.114,0.0,24.0
2013,2.0,8.0,15.0,26.0,38.4,7.0,SOLOMON ISLANDS,no info,-10.927999999999999,166.018,0.0,21.0
2013,2.0,9.0,14.0,16.0,7.8,7.0,COLOMBIA,no info,1.135,-77.393,0.0,145.0
2013,2.0,15.0,3.0,20.0,26.0,4.2,RUSSIA,no info,55.15,61.41,0.0,0.0
2013,2.0,19.0,2.0,47.0,1.2,4.9,CHINA,no info,27.226,103.071,0.0,10.0
2013,2.0,22.0,21.0,1.0,47.2,5.3,PERU,no info,-15.748,-71.425,0.0,8.0
2013,3.0,3.0,5.0,41.0,16.9,5.4,CHINA,no info,25.98,99.81200000000001,0.0,8.0
2013,3.0,11.0,3.0,1.0,37.4,5.1,CHINA,no info,40.119,77.46600000000001,0.0,10.0
2013,3.0,27.0,2.0,3.0,19.8,6.0,TAIWAN,no info,23.828000000000003,121.215,1.0,19.0
2013,4.0,9.0,11.0,52.0,49.9,6.3,IRAN,no info,28.428,51.593,37.0,12.0
2013,4.0,10.0,19.0,14.0,2.0,5.4,HONDURAS,no info,15.52,-87.15899999999999,0.0,4.0
2013,4.0,12.0,20.0,33.0,17.5,5.8,JAPAN,no info,34.369,134.828,0.0,14.0
2013,4.0,16.0,10.0,44.0,20.1,7.7,IRAN,no info,28.033,61.996,40.0,80.0
2013,4.0,17.0,8.0,57.0,33.9,5.8,JAPAN,no info,33.958,139.352,0.0,9.0
2013,4.0,18.0,0.0,50.0,38.5,2.1,USA,TX,31.816999999999997,-97.088,14.0,0.0
2013,4.0,19.0,3.0,5.0,52.6,7.2,RUSSIA,no info,46.221000000000004,150.78799999999998,0.0,110.0
2013,4.0,20.0,0.0,2.0,47.5,6.6,CHINA,no info,30.308000000000003,102.88799999999999,196.0,14.0
2013,4.0,24.0,9.0,25.0,30.0,5.5,AFGHANISTAN,no info,34.525999999999996,70.22,18.0,64.0
2013,5.0,1.0,6.0,57.0,13.4,5.7,INDIA,no info,33.061,75.863,3.0,15.0
2013,5.0,11.0,2.0,8.0,8.5,6.1,IRAN,no info,26.56,57.77,2.0,15.0
2013,5.0,19.0,9.0,7.0,26.5,4.9,ALGERIA,no info,36.703,5.261,0.0,7.0
2013,5.0,24.0,5.0,44.0,48.9,8.3,RUSSIA,no info,54.891999999999996,153.221,0.0,598.0
2013,6.0,1.0,14.0,10.0,6.7,5.7,PHILIPPINES,no info,7.275,124.898,0.0,10.0
2013,6.0,2.0,5.0,43.0,3.4,6.3,TAIWAN,no info,23.789,121.141,4.0,17.0
2013,6.0,18.0,23.0,2.0,9.8,5.3,RUSSIA,no info,54.263000000000005,86.17299999999999,0.0,10.0
2013,6.0,22.0,5.0,42.0,39.8,5.1,INDONESIA,no info,-8.305,116.05799999999999,0.0,47.0
2013,7.0,2.0,7.0,37.0,2.6,6.1,INDONESIA,no info,4.645,96.665,42.0,13.0
2013,7.0,8.0,2.0,13.0,40.6,5.7,INDONESIA,no info,-8.802999999999999,113.00200000000001,0.0,60.0
2013,7.0,17.0,3.0,0.0,56.5,4.8,ALGERIA,no info,36.534,3.0860000000000003,0.0,10.0
2013,7.0,21.0,5.0,9.0,31.4,6.5,NEW ZEALAND,no info,-41.70399999999999,174.33700000000002,0.0,17.0
2013,7.0,21.0,23.0,45.0,56.6,6.0,CHINA,no info,34.512,104.262,94.0,8.0
2013,8.0,2.0,21.0,37.0,7.0,5.2,INDIA,no info,33.297,75.95,0.0,42.0
2013,8.0,7.0,9.0,6.0,2.0,5.5,GREECE,no info,38.689,22.695,0.0,0.0
2013,8.0,11.0,21.0,23.0,31.0,5.7,CHINA,no info,30.046,97.95700000000001,0.0,6.0
2013,8.0,16.0,2.0,31.0,47.0,6.5,NEW ZEALAND,no info,-41.731,174.02700000000002,0.0,12.0
2013,8.0,21.0,12.0,38.0,7.0,6.2,MEXICO,no info,16.878,-99.49799999999999,0.0,21.0
2013,8.0,27.0,20.0,44.0,36.0,5.2,CHINA,no info,28.239,99.32799999999999,0.0,10.0
2013,8.0,31.0,0.0,5.0,15.0,5.8,CHINA,no info,28.243000000000002,99.35,5.0,8.0
2013,9.0,7.0,0.0,13.0,57.0,6.4,GUATEMALA,no info,14.606,-92.12100000000001,1.0,66.0
2013,9.0,24.0,11.0,30.0,37.0,7.7,PAKISTAN,no info,26.951,65.501,825.0,15.0
2013,9.0,25.0,16.0,42.0,0.0,7.1,PERU,no info,-16.15,-74.87,0.0,31.0
2013,9.0,28.0,7.0,34.0,45.0,6.8,PAKISTAN,no info,27.183000000000003,65.505,22.0,12.0
2013,10.0,12.0,13.0,11.0,35.0,6.6,GREECE,no info,35.514,23.252,0.0,40.0
2013,10.0,15.0,0.0,12.0,5.0,7.1,PHILIPPINES,no info,9.88,124.117,222.0,19.0
2013,10.0,22.0,5.0,40.0,1.0,5.5,INDONESIA,no info,5.103,95.971,1.0,10.0
2013,10.0,25.0,17.0,10.0,0.0,7.1,JAPAN,no info,37.2,144.6,0.0,10.0
2013,11.0,10.0,5.0,16.0,36.0,5.2,TAJIKISTAN,no info,38.41,68.89,0.0,23.0
2013,11.0,17.0,9.0,4.0,53.0,7.7,ANTARCTICA,no info,-60.273999999999994,-46.401,0.0,10.0
2013,11.0,22.0,22.0,4.0,4.0,5.3,CHINA,no info,44.599,124.16799999999999,0.0,10.0
2013,11.0,28.0,13.0,51.0,51.0,5.7,IRAN,no info,29.275,51.313,8.0,4.0
2014,1.0,2.0,3.0,13.0,57.0,5.3,IRAN,no info,27.15,54.448,1.0,8.0
2014,1.0,5.0,3.0,36.0,59.0,5.6,COLOMBIA,no info,4.5569999999999995,-76.64399999999999,0.0,54.0
2014,1.0,13.0,4.0,1.0,24.0,6.4,USA TERRITORY,no info,19.043,-66.81,0.0,20.0
2014,1.0,20.0,2.0,52.0,35.0,6.1,NEW ZEALAND,no info,-40.66,175.81400000000002,0.0,28.0
2014,1.0,25.0,5.0,14.0,51.0,6.1,INDONESIA,no info,-7.986000000000001,109.265,0.0,66.0
2014,1.0,26.0,13.0,55.0,21.0,6.1,GREECE,no info,38.208,20.453,0.0,8.0
2014,2.0,2.0,14.0,26.0,51.0,5.3,IRAN,no info,26.589000000000002,57.74100000000001,0.0,10.0
2014,2.0,3.0,3.0,8.0,29.0,6.0,GREECE,no info,38.244,20.379,0.0,4.0
2014,2.0,9.0,2.0,16.0,49.0,4.1,USA,OK,35.937,-97.271,0.0,5.0
2014,2.0,12.0,9.0,19.0,6.0,6.9,CHINA,no info,35.905,82.586,0.0,10.0
2014,2.0,26.0,0.0,1.0,29.0,4.5,AUSTRALIA,no info,-30.686,121.33200000000001,0.0,1.0
2014,3.0,13.0,17.0,7.0,17.0,6.3,JAPAN,no info,33.684,131.825,0.0,79.0
2014,3.0,16.0,21.0,16.0,0.0,6.7,CHILE,no info,-19.965,-70.814,0.0,21.0
2014,3.0,29.0,4.0,10.0,12.0,5.1,USA,CA,33.863,-117.835,0.0,4.0
2014,4.0,1.0,23.0,46.0,26.0,8.2,CHILE,no info,-19.61,-70.76899999999999,7.0,25.0
2014,4.0,3.0,2.0,43.0,11.0,7.7,CHILE,no info,-20.570999999999998,-70.493,0.0,22.0
2014,4.0,4.0,22.0,40.0,44.0,5.4,CHINA,no info,28.174,103.619,0.0,25.0
2014,4.0,10.0,23.0,27.0,6.0,6.1,NICARAGUA,no info,12.402999999999999,-86.37799999999999,2.0,13.0
2014,4.0,11.0,7.0,7.0,13.0,7.1,PAPUA NEW GUINEA,no info,-6.586,155.049,1.0,61.0
2014,4.0,12.0,20.0,14.0,3.0,7.6,SOLOMON ISLANDS,no info,-11.27,162.148,0.0,23.0
2014,4.0,13.0,12.0,36.0,23.0,7.4,SOLOMON ISLANDS,no info,-11.463,162.05100000000002,0.0,39.0
2014,4.0,14.0,5.0,7.0,12.0,5.2,NICARAGUA,no info,12.151,-86.281,0.0,10.0
2014,4.0,18.0,14.0,28.0,32.0,7.2,MEXICO,no info,17.397000000000002,-100.97200000000001,0.0,24.0
2014,4.0,19.0,13.0,29.0,21.0,7.5,PAPUA NEW GUINEA,no info,-6.755,155.024,0.0,43.0
2014,5.0,5.0,11.0,8.0,42.0,6.1,THAILAND,no info,19.656,99.67,1.0,6.0
2014,5.0,8.0,17.0,1.0,21.0,6.4,MEXICO,no info,17.235,-100.74600000000001,0.0,17.0
2014,5.0,8.0,22.0,52.0,23.0,4.5,PAKISTAN,no info,26.386999999999997,68.358,2.0,15.0
2014,5.0,17.0,16.0,46.0,4.0,3.6,GERMANY,no info,49.799,8.69,0.0,5.0
2014,5.0,19.0,0.0,59.0,6.0,5.0,ALBANIA,no info,41.115,19.777,0.0,10.0
2014,5.0,24.0,9.0,25.0,5.0,6.9,GREECE,no info,40.24,25.33,3.0,23.0
2014,5.0,30.0,1.0,20.0,17.0,5.9,CHINA,no info,25.0,97.845,0.0,10.0
2014,6.0,23.0,19.0,20.0,34.0,6.9,NEW ZEALAND,no info,-29.976999999999997,-177.725,0.0,20.0
2014,6.0,23.0,20.0,53.0,7.0,7.9,USA,AK,51.849,178.735,0.0,109.0
2014,7.0,7.0,11.0,23.0,7.0,6.9,MEXICO,no info,14.728,-92.57799999999999,3.0,67.0
2014,7.0,11.0,19.0,23.0,22.0,6.5,JAPAN,no info,37.005,142.453,0.0,20.0
2014,7.0,15.0,9.0,8.0,56.0,3.9,USA,OK,35.524,-97.146,0.0,5.0
2014,7.0,25.0,10.0,55.0,12.0,6.1,USA,AK,58.306000000000004,-136.96,0.0,10.0
2014,7.0,29.0,10.0,46.0,7.0,6.3,MEXICO,no info,17.682000000000002,-95.65299999999999,1.0,107.0
2014,8.0,1.0,4.0,11.0,4.0,5.5,ALGERIA,no info,36.841,3.301,6.0,30.0
2014,8.0,3.0,8.0,30.0,57.0,6.2,CHINA,no info,27.189,103.40899999999999,615.0,12.0
2014,8.0,5.0,10.0,23.0,38.0,5.5,SOUTH AFRICA,no info,-26.99,26.705,1.0,5.0
2014,8.0,12.0,19.0,58.0,13.0,5.1,ECUADOR,no info,-0.018000000000000002,-78.322,2.0,12.0
2014,8.0,16.0,22.0,8.0,4.0,5.0,CHINA,no info,28.125,103.546,0.0,10.0
2014,8.0,18.0,2.0,32.0,2.0,6.2,IRAN,no info,32.663000000000004,47.673,0.0,6.0
2014,8.0,24.0,10.0,20.0,6.0,6.1,USA,CA,38.216,-122.31200000000001,1.0,11.0
2014,9.0,20.0,4.0,26.0,52.0,5.2,PHILIPPINES,no info,6.864,125.23299999999999,0.0,26.0
2014,9.0,28.0,2.0,35.0,19.0,5.1,PERU,no info,-13.843,-71.695,8.0,10.0
2014,10.0,7.0,13.0,50.0,12.0,6.1,CHINA,no info,23.383000000000003,100.47,1.0,9.0
2014,10.0,9.0,2.0,14.0,44.0,7.0,CHILE,no info,-32.108000000000004,-110.811,0.0,17.0
2014,10.0,14.0,3.0,51.0,46.0,7.3,EL SALVADOR,no info,12.526,-88.12299999999999,1.0,40.0
2014,11.0,15.0,2.0,32.0,12.0,7.1,INDONESIA,no info,1.893,126.522,0.0,45.0
2014,11.0,22.0,8.0,55.0,58.0,5.9,CHINA,no info,30.34,101.73700000000001,5.0,9.0
2014,11.0,22.0,13.0,8.0,42.0,6.2,JAPAN,no info,36.641,137.888,0.0,9.0
2014,12.0,6.0,10.0,20.0,52.0,5.6,CHINA,no info,23.358,100.53299999999999,1.0,10.0
2014,12.0,23.0,8.0,0.0,8.0,4.9,ALGERIA,no info,36.492,3.025,0.0,7.0
2015,1.0,14.0,5.0,22.0,23.0,5.3,CHINA,no info,29.353,103.199,0.0,10.0
2015,2.0,16.0,23.0,6.0,27.0,6.7,JAPAN,no info,39.856,142.881,0.0,23.0
2015,2.0,19.0,13.0,19.0,21.0,6.4,VANUATU,no info,-16.430999999999997,168.148,0.0,10.0
2015,2.0,20.0,22.0,37.0,28.0,4.5,CHINA,no info,23.01,101.755,0.0,10.0
2015,2.0,21.0,21.0,21.0,8.0,3.6,BOSNIA-HERZEGOVINA,no info,44.534,18.934,4.0,7.0
2015,2.0,22.0,6.0,43.0,14.0,5.1,CHINA,no info,44.133,85.568,0.0,12.0
2015,2.0,26.0,21.0,59.0,14.0,5.4,PAKISTAN,no info,34.671,73.278,0.0,30.0
2015,2.0,28.0,20.0,10.0,56.0,4.5,PERU,no info,-15.693,-71.934,0.0,10.0
2015,3.0,1.0,10.0,24.0,5.0,5.5,CHINA,no info,23.5,98.9,0.0,11.0
2015,3.0,8.0,20.0,47.0,4.0,4.4,SERBIA,no info,44.088,19.861,0.0,20.0
2015,3.0,10.0,20.0,55.0,2.0,6.2,COLOMBIA,no info,6.8,-73.01,0.0,184.0
2015,3.0,14.0,6.0,14.0,38.0,4.6,CHINA,no info,33.15,115.8,2.0,10.0
2015,3.0,29.0,23.0,48.0,1.0,7.5,PAPUA NEW GUINEA,no info,-4.729,152.562,0.0,41.0
2015,4.0,20.0,1.0,42.0,38.0,6.4,TAIWAN,no info,24.203000000000003,122.316,1.0,29.0
2015,4.0,25.0,6.0,12.0,35.0,7.8,NEPAL,no info,28.230999999999998,84.73100000000001,8200.0,8.0
2015,5.0,2.0,16.0,51.0,39.0,5.7,JAPAN,no info,31.529,140.213,0.0,10.0
2015,5.0,5.0,1.0,44.0,38.0,7.5,PAPUA NEW GUINEA,no info,-5.462000000000001,151.875,0.0,55.0
2015,5.0,12.0,7.0,6.0,13.0,7.3,NEPAL,no info,27.809,86.066,117.0,15.0
2015,5.0,30.0,11.0,23.0,11.0,7.8,JAPAN,no info,27.839000000000002,140.493,0.0,664.0
2015,6.0,4.0,23.0,16.0,31.0,6.0,MALAYSIA,no info,5.987,116.541,18.0,10.0
2015,6.0,28.0,1.0,5.0,56.0,5.3,INDIA,no info,26.638,90.41,0.0,26.0
2015,7.0,3.0,1.0,7.0,1.0,6.4,CHINA,no info,37.6,78.2,3.0,10.0
2015,7.0,3.0,6.0,43.0,54.0,6.1,PHILIPPINES,no info,10.169,125.891,1.0,32.0
2015,7.0,10.0,4.0,12.0,54.0,6.7,SOLOMON ISLANDS,no info,-9.307,158.403,0.0,12.0
2015,7.0,18.0,2.0,28.0,22.0,7.0,SOLOMON ISLANDS,no info,-10.401,165.141,0.0,11.0
2015,7.0,24.0,20.0,59.0,12.0,5.1,PAKISTAN,no info,33.856,73.193,3.0,17.0
2015,7.0,27.0,4.0,49.0,0.0,6.9,USA,AK,52.214,-169.399,0.0,23.0
2015,7.0,27.0,21.0,42.0,11.0,7.0,INDONESIA,no info,-2.6289999999999996,138.528,1.0,48.0
2015,7.0,29.0,0.0,11.0,6.0,5.9,PANAMA,no info,8.231,-77.315,0.0,12.0
2015,8.0,7.0,1.0,25.0,54.0,5.8,RWANDA,no info,-2.141,28.897,3.0,11.0
2015,8.0,9.0,7.0,5.0,38.0,4.5,EL SALVADOR,no info,13.668,-88.478,0.0,10.0
2015,9.0,16.0,22.0,55.0,26.0,8.3,CHILE,no info,-31.573,-71.67399999999999,7.0,22.0
2015,9.0,24.0,15.0,53.0,0.0,6.6,INDONESIA,no info,-0.59,131.27,0.0,10.0
2015,10.0,17.0,11.0,33.0,0.0,5.8,ARGENTINA,no info,-25.441999999999997,-64.632,2.0,33.0
2015,10.0,26.0,9.0,9.0,56.0,7.5,AFGHANISTAN,no info,36.524,70.368,399.0,231.0
2015,11.0,4.0,3.0,44.0,19.0,6.5,INDONESIA,no info,-8.338,124.875,0.0,20.0
2015,11.0,7.0,6.0,58.0,30.0,5.3,VENEZUELA,no info,8.477,-71.365,1.0,14.0
2015,11.0,11.0,1.0,54.0,37.0,6.9,CHILE,no info,-29.439,-72.105,0.0,10.0
2015,11.0,13.0,20.0,51.0,3.0,6.7,JAPAN,no info,31.000999999999998,128.873,0.0,12.0
2015,11.0,17.0,7.0,10.0,3.0,6.5,GREECE,no info,38.67,20.6,2.0,11.0
2015,11.0,17.0,17.0,29.0,29.0,5.6,KYRGYZSTAN,no info,40.376,73.204,0.0,18.0
2015,11.0,18.0,18.0,31.0,57.0,6.8,SOLOMON ISLANDS,no info,-8.899,158.422,0.0,13.0
2015,11.0,22.0,20.0,38.0,5.0,5.1,VENEZUELA,no info,8.48,-71.42,1.0,5.0
2015,11.0,24.0,22.0,45.0,0.0,7.6,PERU,no info,-10.77,-71.41,0.0,636.0
2015,11.0,24.0,22.0,50.0,0.0,7.6,PERU,no info,-10.07,-70.98,0.0,606.0
2015,12.0,7.0,7.0,51.0,35.0,7.2,TAJIKISTAN,no info,38.211,72.78,2.0,22.0
2015,12.0,17.0,19.0,49.0,5.0,6.6,MEXICO,no info,15.802,-93.633,2.0,85.0
2015,12.0,25.0,19.0,14.0,19.0,6.3,AFGHANISTAN,no info,36.494,71.126,4.0,206.0
2016,1.0,3.0,23.0,5.0,27.0,6.7,INDIA,no info,24.804000000000002,93.65100000000001,13.0,55.0
2016,1.0,16.0,23.0,22.0,4.0,5.6,INDONESIA,no info,-3.873,127.229,1.0,4.0
2016,1.0,24.0,10.0,30.0,56.0,7.1,USA,AK,59.658,-153.452,0.0,126.0
2016,1.0,25.0,4.0,23.0,13.0,6.3,MOROCCO,no info,35.649,-3.682,1.0,12.0
2016,2.0,5.0,19.0,57.0,6.0,6.4,TAIWAN,no info,22.97,120.46,117.0,10.0
2016,3.0,2.0,12.0,49.0,11.0,7.8,INDONESIA,no info,-4.952,94.33,0.0,24.0
2016,4.0,10.0,10.0,29.0,12.0,6.6,AFGHANISTAN,no info,36.473,71.131,6.0,212.0
2016,4.0,13.0,13.0,55.0,8.0,6.9,MYANMAR (BURMA),no info,23.094,94.865,2.0,136.0
2016,4.0,15.0,16.0,25.0,22.0,7.0,JAPAN,no info,32.791,130.754,50.0,10.0
2016,4.0,16.0,23.0,58.0,0.0,7.8,ECUADOR,no info,0.35,-80.16,663.0,17.0
2016,4.0,28.0,19.0,33.0,7.0,7.0,VANUATU,no info,-16.043,167.37900000000002,0.0,24.0
2016,5.0,11.0,1.0,15.0,22.0,5.2,CHINA,no info,32.022,95.027,0.0,8.0
2016,5.0,18.0,16.0,47.0,26.0,6.9,ECUADOR,no info,0.495,-79.616,1.0,30.0
2016,5.0,28.0,23.0,54.0,38.0,5.4,ALGERIA,no info,36.431,3.517,0.0,11.0
2016,6.0,1.0,22.0,56.0,8.0,6.6,INDONESIA,no info,-2.097,100.665,1.0,50.0
2016,6.0,7.0,19.0,15.0,33.0,6.3,INDONESIA,no info,1.2790000000000001,126.37100000000001,0.0,31.0
2016,7.0,1.0,14.0,59.0,15.0,5.0,TAJIKISTAN,no info,38.881,70.559,0.0,10.0
2016,7.0,29.0,21.0,19.0,14.0,7.7,USA TERRITORY,MP,18.543,145.507,0.0,196.0
2016,7.0,31.0,9.0,18.0,17.0,4.9,CHINA,no info,24.134,111.478,0.0,25.0
2016,7.0,31.0,23.0,41.0,28.0,5.6,INDONESIA,no info,-8.193999999999999,117.814,0.0,21.0
2016,8.0,12.0,1.0,26.0,28.0,7.2,NEW CALEDONIA,no info,-22.476999999999997,173.11700000000002,0.0,16.0
2016,8.0,15.0,2.0,58.0,0.0,5.5,PERU,no info,-15.64,-71.68,9.0,8.0
2016,8.0,19.0,7.0,33.0,11.0,7.4,SOUTH GEORGIA AND THE SOUTH SANDWICH ISLANDS,no info,-55.285,-31.877,0.0,10.0
2016,8.0,24.0,1.0,36.0,2.0,6.2,ITALY,no info,42.70399999999999,13.238,299.0,4.0
2016,8.0,24.0,10.0,34.0,58.0,6.8,MYANMAR (BURMA),no info,20.923000000000002,94.569,4.0,82.0
2016,9.0,1.0,16.0,37.0,3.0,7.0,NEW ZEALAND,no info,-37.359,179.146,0.0,19.0
2016,9.0,10.0,12.0,27.0,41.0,5.9,TANZANIA,no info,-1.036,31.618000000000002,23.0,40.0
2016,9.0,11.0,13.0,10.0,7.0,5.1,MACEDONIA,no info,42.008,21.488000000000003,0.0,13.0
2016,9.0,12.0,11.0,33.0,17.0,5.4,SOUTH KOREA,no info,35.781,129.216,1.0,13.0
2016,9.0,23.0,16.0,12.0,1.0,4.8,RWANDA,no info,-2.65,29.06,8.0,10.0
2016,9.0,28.0,16.0,49.0,1.0,5.5,NICARAGUA,no info,12.442,-86.515,1.0,8.0
2016,10.0,1.0,8.0,4.0,33.0,5.4,PAKISTAN,no info,34.905,73.682,1.0,10.0
2016,10.0,21.0,5.0,8.0,39.0,6.2,JAPAN,no info,35.374,133.809,0.0,6.0
2016,10.0,26.0,19.0,18.0,43.0,6.1,ITALY,no info,42.956,13.067,1.0,10.0
2016,10.0,30.0,6.0,40.0,5.0,6.6,ITALY,no info,42.84,13.11,2.0,9.0
2016,11.0,7.0,1.0,44.0,7.0,5.0,USA,OK,35.988,-96.805,0.0,3.0
2016,11.0,13.0,11.0,2.0,34.0,7.8,NEW ZEALAND,no info,-42.736999999999995,173.054,2.0,15.0
2016,11.0,21.0,20.0,59.0,27.0,6.9,JAPAN,no info,37.393,141.387,0.0,9.0
2016,11.0,24.0,18.0,43.0,0.0,6.9,NICARAGUA,no info,11.96,-88.835,0.0,33.0
2016,11.0,25.0,14.0,25.0,11.0,6.6,CHINA,no info,39.273,73.97800000000001,1.0,17.0
2016,11.0,27.0,23.0,35.0,2.0,5.4,NEPAL,no info,27.802,86.53200000000001,1.0,10.0
2016,11.0,29.0,20.0,9.0,35.0,4.2,POLAND,no info,51.613,16.157,8.0,5.0
2016,12.0,1.0,0.0,25.0,38.0,5.3,COSTA RICA,no info,9.949,-83.807,0.0,1.0
2016,12.0,1.0,22.0,40.0,0.0,6.2,PERU,no info,-15.44,-70.93,1.0,10.0
2016,12.0,6.0,22.0,3.0,39.0,6.5,INDONESIA,no info,5.2829999999999995,96.16799999999999,104.0,13.0
2016,12.0,8.0,5.0,15.0,6.0,6.0,CHINA,no info,43.823,86.345,1.0,18.0
2016,12.0,8.0,17.0,38.0,28.0,7.8,SOLOMON ISLANDS,no info,-10.681,161.327,1.0,40.0
2016,12.0,9.0,19.0,11.0,24.0,6.9,SOLOMON ISLANDS,no info,-10.749,161.132,0.0,20.0
2016,12.0,17.0,10.0,51.0,5.0,7.9,PAPUA NEW GUINEA,no info,-4.505,153.52200000000002,0.0,95.0
2016,12.0,19.0,7.0,11.0,0.0,5.4,ECUADOR,no info,0.93,-79.84,3.0,6.0
2016,12.0,25.0,14.0,22.0,0.0,7.6,CHILE,no info,-43.516999999999996,-74.391,0.0,30.0
2017,1.0,3.0,9.0,9.0,8.0,5.7,INDIA,no info,24.015,92.01799999999999,3.0,32.0
2017,1.0,3.0,21.0,53.0,7.0,6.9,FIJI,no info,-19.373,176.05200000000002,0.0,12.0
2017,1.0,6.0,2.0,33.0,21.0,5.0,IRAN,no info,28.2,53.107,4.0,10.0
2017,1.0,11.0,22.0,7.0,7.0,5.5,MADAGASCAR,no info,-20.16,46.647,2.0,7.0
2017,1.0,18.0,10.0,14.0,9.0,5.7,ITALY,no info,42.528999999999996,13.282,34.0,9.0
2017,1.0,22.0,4.0,31.0,36.0,7.9,PAPUA NEW GUINEA,no info,-6.246,155.172,3.0,135.0
2017,2.0,6.0,3.0,52.0,4.0,5.3,TURKEY,no info,39.599000000000004,26.065,0.0,10.0
2017,2.0,6.0,13.0,2.0,14.0,5.5,COLOMBIA,no info,3.449,-74.672,0.0,38.0
2017,2.0,7.0,22.0,3.0,39.0,6.3,PAKISTAN,no info,25.191,63.263999999999996,0.0,29.0
2017,2.0,10.0,14.0,4.0,32.0,6.5,PHILIPPINES,no info,9.907,125.45200000000001,8.0,15.0
2017,2.0,24.0,0.0,32.0,8.0,5.9,ZAMBIA,no info,-8.44,30.031,0.0,30.0
2017,3.0,5.0,0.0,8.0,1.0,5.7,PHILIPPINES,no info,9.831,125.49600000000001,1.0,11.0
2017,3.0,13.0,14.0,20.0,7.0,5.1,MYANMAR (BURMA),no info,17.399,96.0,2.0,10.0
2017,3.0,21.0,23.0,10.0,15.0,5.6,INDONESIA,no info,-8.492,115.323,0.0,112.0
2017,4.0,5.0,6.0,9.0,2.0,6.1,IRAN,no info,35.775999999999996,60.43600000000001,2.0,13.0
2017,4.0,8.0,7.0,9.0,18.0,5.9,PHILIPPINES,no info,13.77,120.935,0.0,14.0
2017,4.0,10.0,23.0,54.0,3.0,4.8,EL SALVADOR,no info,13.765999999999998,-89.155,1.0,10.0
2017,4.0,24.0,21.0,39.0,22.0,6.9,CHILE,no info,-33.038000000000004,-72.062,0.0,28.0
2017,4.0,28.0,20.0,23.0,26.0,6.9,PHILIPPINES,no info,5.504,125.066,0.0,26.0
2017,5.0,1.0,12.0,31.0,3.0,6.2,CANADA,no info,59.852,-136.67700000000002,0.0,1.0
2017,5.0,3.0,4.0,47.0,38.0,6.0,TAJIKISTAN,no info,39.494,71.444,0.0,11.0
2017,5.0,10.0,21.0,58.0,7.0,5.4,CHINA,no info,37.643,75.31,8.0,8.0
2017,5.0,11.0,3.0,24.0,37.0,5.1,AZERBAIJAN,no info,39.816,48.57,0.0,63.0
2017,5.0,13.0,18.0,0.0,52.0,5.6,IRAN,no info,37.769,57.206,3.0,8.0
2017,5.0,25.0,9.0,55.0,51.0,4.4,TANZANIA,no info,-3.043,32.888000000000005,1.0,10.0
2017,5.0,28.0,11.0,4.0,37.0,4.9,TURKEY,no info,38.764,27.778000000000002,0.0,3.0
2017,5.0,29.0,14.0,35.0,51.0,6.6,INDONESIA,no info,-1.2919999999999998,120.431,0.0,12.0
2017,6.0,12.0,12.0,28.0,15.0,6.3,GREECE,no info,38.93,26.365,1.0,12.0
2017,6.0,14.0,7.0,29.0,39.0,6.9,GUATEMALA,no info,14.909,-92.009,5.0,93.0
2017,6.0,21.0,4.0,40.0,0.0,3.2,NEPAL,no info,27.64,85.17,1.0,0.0
2017,6.0,22.0,12.0,31.0,49.0,6.8,GUATEMALA,no info,13.717,-90.97200000000001,0.0,38.0
2017,6.0,24.0,2.0,37.0,48.0,5.6,MOZAMBIQUE,no info,-19.45,34.488,0.0,27.0
2017,7.0,6.0,8.0,3.0,55.0,6.5,PHILIPPINES,no info,11.127,124.62899999999999,4.0,11.0
2017,7.0,17.0,23.0,35.0,14.0,7.7,RUSSIA,no info,54.443000000000005,168.857,0.0,10.0
2017,7.0,18.0,2.0,6.0,15.0,6.4,PERU,no info,-16.416,-73.63600000000001,1.0,44.0
2017,7.0,20.0,22.0,31.0,26.0,6.6,TURKEY,no info,36.929,27.414,2.0,7.0
2017,8.0,2.0,7.0,15.0,0.0,5.4,CHILE,no info,-33.201,-70.61399999999999,1.0,99.0
2017,8.0,8.0,13.0,19.0,54.0,6.5,CHINA,no info,33.193000000000005,103.855,25.0,9.0
2017,8.0,8.0,23.0,27.0,8.0,6.3,CHINA,no info,44.302,82.83200000000001,0.0,20.0
2017,8.0,11.0,21.0,45.0,4.0,5.6,PERU,no info,-16.299,-73.47399999999999,1.0,41.0
2017,8.0,13.0,16.0,51.0,5.0,5.8,PERU,no info,-10.720999999999998,-74.566,1.0,32.0
2017,8.0,21.0,18.0,57.0,11.0,4.2,ITALY,no info,40.783,13.939,2.0,3.0
2017,8.0,22.0,22.0,27.0,3.0,5.0,PHILIPPINES,no info,10.954,124.70700000000001,2.0,17.0
2017,9.0,8.0,4.0,49.0,2.0,8.2,MEXICO,no info,14.761,-94.103,98.0,46.0
2017,9.0,19.0,18.0,14.0,7.0,7.1,MEXICO,no info,18.339000000000002,-98.68,369.0,39.0
2017,9.0,23.0,12.0,53.0,48.0,6.1,MEXICO,no info,16.625999999999998,-95.07799999999999,5.0,10.0
2017,9.0,23.0,20.0,48.0,16.0,5.7,PHILIPPINES,no info,7.562,124.743,0.0,8.0
2017,10.0,31.0,0.0,42.0,6.0,6.8,NEW CALEDONIA,no info,-21.66,169.203,0.0,11.0
2017,10.0,31.0,11.0,50.0,48.0,6.1,INDONESIA,no info,-3.745,127.75200000000001,1.0,6.0
2017,11.0,1.0,2.0,23.0,56.0,6.6,NEW CALEDONIA,no info,-21.63,168.88400000000001,0.0,10.0
2017,11.0,12.0,18.0,18.0,17.0,7.3,IRAN,no info,34.885999999999996,45.941,630.0,23.0
2017,11.0,13.0,2.0,28.0,24.0,6.5,COSTA RICA,no info,9.526,-84.505,2.0,20.0
2017,11.0,15.0,5.0,29.0,32.0,5.4,SOUTH KOREA,no info,36.065,129.27,0.0,10.0
2017,11.0,18.0,16.0,7.0,2.0,5.9,INDONESIA,no info,2.3819999999999997,128.144,1.0,20.0
2017,11.0,19.0,9.0,26.0,13.0,6.3,NEW CALEDONIA,no info,-21.638,168.673,0.0,14.0
2017,11.0,19.0,15.0,10.0,28.0,6.6,NEW CALEDONIA,no info,-21.503,168.59799999999998,0.0,13.0
2017,11.0,19.0,22.0,43.0,29.0,7.0,NEW CALEDONIA,no info,-21.334,168.683,0.0,10.0
2017,11.0,23.0,9.0,43.0,34.0,5.1,CHINA,no info,29.362,108.104,0.0,10.0
2017,12.0,1.0,2.0,32.0,46.0,6.0,IRAN,no info,30.765,57.331,0.0,10.0
2017,12.0,15.0,16.0,47.0,56.0,6.5,INDONESIA,no info,-7.734,108.023,4.0,92.0
2017,12.0,20.0,19.0,57.0,37.0,4.9,IRAN,no info,35.654,50.949,2.0,10.0
2017,12.0,27.0,21.0,24.0,33.0,4.0,IRAN,no info,35.692,50.9,1.0,10.0
2018,1.0,4.0,10.0,46.0,12.0,4.9,MONTENEGRO,no info,42.658,19.883,0.0,10.0
2018,1.0,6.0,15.0,22.0,9.0,5.0,IRAN,no info,34.649,45.799,0.0,10.0
2018,1.0,8.0,0.0,0.0,0.0,3.4,NETHERLANDS,no info,53.2,6.6,0.0,0.0
2018,1.0,10.0,2.0,51.0,31.0,7.5,HONDURAS,no info,17.474,-83.51899999999999,0.0,10.0
2018,1.0,11.0,6.0,59.0,31.0,5.5,IRAN,no info,33.764,45.748999999999995,0.0,10.0
2018,1.0,14.0,9.0,18.0,45.0,7.1,PERU,no info,-15.776,-74.744,2.0,36.0
2018,1.0,23.0,6.0,34.0,54.0,6.0,INDONESIA,no info,-7.196000000000001,105.91799999999999,1.0,44.0
2018,1.0,23.0,9.0,31.0,42.0,7.9,USA,AK,56.04600000000001,-149.07299999999998,0.0,25.0
2018,1.0,31.0,7.0,7.0,0.0,6.1,AFGHANISTAN,no info,36.543,70.816,2.0,191.0
2018,1.0,31.0,23.0,13.0,21.0,5.2,ECUADOR,no info,-1.756,-77.694,1.0,19.0
2018,2.0,6.0,15.0,50.0,42.0,6.4,TAIWAN,no info,24.174,121.65299999999999,17.0,11.0
2018,2.0,16.0,23.0,39.0,42.0,7.2,MEXICO,no info,16.646,-97.65299999999999,13.0,25.0
2018,2.0,25.0,17.0,44.0,43.0,7.5,PAPUA NEW GUINEA,no info,-6.068,142.768,145.0,23.0
2018,2.0,28.0,2.0,45.0,45.0,6.1,PAPUA NEW GUINEA,no info,-6.182,142.49200000000002,1.0,16.0
2018,3.0,4.0,19.0,56.0,18.0,6.0,PAPUA NEW GUINEA,no info,-6.307,142.62,11.0,10.0
2018,3.0,6.0,14.0,13.0,6.0,6.7,PAPUA NEW GUINEA,no info,-6.294,142.607,25.0,10.0
2018,4.0,1.0,8.0,35.0,27.0,5.3,IRAN,no info,34.455999999999996,45.763999999999996,0.0,10.0
2018,4.0,3.0,9.0,41.0,27.0,4.9,VENEZUELA,no info,8.346,-71.664,0.0,10.0
2018,4.0,7.0,5.0,48.0,38.0,6.3,PAPUA NEW GUINEA,no info,-5.841,142.49,4.0,10.0
2018,4.0,8.0,16.0,32.0,31.0,5.6,JAPAN,no info,35.262,132.541,0.0,8.0
2018,4.0,10.0,3.0,11.0,31.0,4.7,ITALY,no info,43.093,13.046,0.0,5.0
2018,4.0,18.0,6.0,28.0,35.0,4.4,INDONESIA,no info,-7.21,109.65,3.0,4.0
2018,4.0,24.0,0.0,34.0,31.0,5.2,TURKEY,no info,37.596,38.514,0.0,10.0
2018,5.0,2.0,4.0,8.0,13.0,5.3,IRAN,no info,30.715,51.485,0.0,10.0
2018,5.0,3.0,11.0,17.0,0.0,2.1,SOUTH AFRICA,no info,-26.4,27.5,7.0,0.0
2018,5.0,4.0,22.0,32.0,55.0,6.9,USA,HI,19.37,-155.032,0.0,5.0
2018,5.0,5.0,8.0,58.0,7.0,4.1,POLAND,no info,50.11,18.71,5.0,10.0
2018,5.0,6.0,19.0,2.0,22.0,5.6,EL SALVADOR,no info,13.095,-88.09899999999999,0.0,10.0
2018,5.0,9.0,10.0,41.0,45.0,6.2,AFGHANISTAN,no info,36.99,71.369,0.0,112.0
2018,5.0,15.0,15.0,48.0,9.0,5.8,COMOROS,no info,-12.777999999999999,45.593,0.0,17.0
2018,5.0,27.0,17.0,50.0,52.0,5.1,CHINA,no info,45.278999999999996,124.557,0.0,10.0
2018,6.0,5.0,18.0,40.0,30.0,5.3,AZERBAIJAN,no info,41.526,46.785,1.0,24.0
2018,6.0,12.0,9.0,35.0,26.0,4.9,COLOMBIA,no info,1.032,-77.259,2.0,10.0
2018,6.0,17.0,22.0,58.0,35.0,5.5,JAPAN,no info,34.833,135.612,5.0,11.0
2018,7.0,21.0,7.0,58.0,15.0,5.2,INDONESIA,no info,-0.965,100.771,1.0,10.0
2018,7.0,22.0,10.0,7.0,26.0,5.9,IRAN,no info,34.645,46.178999999999995,0.0,6.0
2018,7.0,28.0,22.0,47.0,37.0,6.4,INDONESIA,no info,-8.274,116.491,17.0,6.0
2018,8.0,5.0,11.0,46.0,37.0,6.9,INDONESIA,no info,-8.287,116.45200000000001,560.0,31.0
2018,8.0,9.0,5.0,25.0,31.0,5.9,INDONESIA,no info,-8.394,116.208,2.0,10.0
2018,8.0,12.0,17.0,44.0,26.0,5.0,CHINA,no info,24.322,102.941,0.0,10.0
2018,8.0,19.0,0.0,19.0,37.0,8.2,FIJI,no info,-18.178,-178.111,0.0,563.0
2018,8.0,19.0,4.0,10.0,21.0,6.3,INDONESIA,no info,-8.325,116.57700000000001,2.0,8.0
2018,8.0,19.0,14.0,56.0,28.0,6.9,INDONESIA,no info,-8.324,116.626,10.0,26.0
2018,8.0,21.0,21.0,31.0,46.0,7.3,VENEZUELA,no info,10.855,-62.883,5.0,154.0
2018,8.0,25.0,22.0,13.0,26.0,6.0,IRAN,no info,34.663000000000004,46.277,2.0,10.0
2018,8.0,29.0,3.0,51.0,56.0,7.1,NEW CALEDONIA,no info,-22.066,170.05,0.0,28.0
2018,9.0,5.0,18.0,7.0,58.0,6.6,JAPAN,no info,42.67100000000001,141.933,44.0,33.0
2018,9.0,6.0,15.0,49.0,14.0,7.8,FIJI,no info,-18.494,179.332,0.0,609.0
2018,9.0,7.0,6.0,23.0,38.0,5.5,IRAN,no info,28.342,59.315,1.0,10.0
2018,9.0,8.0,2.0,31.0,31.0,5.6,CHINA,no info,23.331999999999997,101.552,0.0,10.0
2018,9.0,12.0,4.0,50.0,46.0,5.3,INDIA,no info,26.374000000000002,90.165,1.0,10.0
2018,9.0,28.0,10.0,2.0,43.0,7.5,INDONESIA,no info,-0.17800000000000002,119.84,3879.0,10.0
2018,10.0,7.0,0.0,11.0,49.0,5.9,HAITI,no info,20.041,-72.975,18.0,12.0
2018,10.0,10.0,18.0,44.0,55.0,6.0,INDONESIA,no info,-7.456,114.45299999999999,4.0,9.0
2018,10.0,16.0,1.0,3.0,43.0,6.5,NEW CALEDONIA,no info,-21.743000000000002,169.52200000000002,0.0,17.0
2018,10.0,25.0,22.0,54.0,51.0,6.8,GREECE,no info,37.506,20.563000000000002,0.0,14.0
2018,11.0,14.0,23.0,1.0,21.0,5.6,INDONESIA,no info,-2.9160000000000004,119.435,7.0,9.0
2018,11.0,25.0,16.0,37.0,31.0,6.3,IRAN,no info,34.304,45.74,1.0,10.0
2018,11.0,28.0,14.0,44.0,25.0,4.9,AFGHANISTAN,no info,35.817,68.682,0.0,22.0
2018,11.0,30.0,17.0,29.0,28.0,7.0,USA,AK,61.34,-149.937,0.0,41.0
2018,12.0,5.0,4.0,18.0,8.0,7.5,NEW CALEDONIA,no info,-21.969,169.446,0.0,10.0
2018,12.0,15.0,20.0,21.0,57.0,5.6,VANUATU,no info,-16.368,168.213,0.0,35.0
2018,12.0,16.0,4.0,46.0,11.0,5.4,CHINA,no info,28.264,104.991,0.0,27.0
2018,12.0,22.0,5.0,37.0,37.0,5.5,MOZAMBIQUE,no info,-20.644000000000002,32.801,0.0,8.0
2018,12.0,26.0,2.0,19.0,16.0,5.1,ITALY,no info,37.555,15.165999999999999,0.0,10.0
2019,1.0,3.0,0.0,48.0,8.0,5.2,CHINA,no info,28.261,104.984,0.0,10.0
2019,1.0,6.0,13.0,41.0,59.0,5.6,IRAN,no info,34.121,45.681000000000004,0.0,14.0
2019,1.0,12.0,8.0,58.0,27.0,3.8,POLAND,no info,51.52,16.09,1.0,2.0
2019,1.0,20.0,1.0,32.0,51.0,6.7,CHILE,no info,-30.074,-71.423,2.0,53.0
2019,1.0,22.0,22.0,35.0,31.0,3.4,POLAND,no info,50.08,18.39,1.0,10.0
2019,2.0,1.0,10.0,23.0,54.0,3.6,INDIA,no info,19.9,72.8,1.0,5.0
2019,2.0,1.0,16.0,14.0,13.0,6.6,MEXICO,no info,14.763,-92.29799999999999,0.0,68.0
2019,2.0,5.0,19.0,31.0,36.0,5.1,AZERBAIJAN,no info,40.891999999999996,48.602,0.0,10.0
2019,2.0,22.0,10.0,17.0,22.0,7.5,ECUADOR,no info,-2.199,-77.023,1.0,132.0
2019,2.0,25.0,5.0,15.0,59.0,4.9,CHINA,no info,29.498,104.632,2.0,10.0
2019,2.0,27.0,23.0,27.0,4.0,5.4,INDONESIA,no info,-1.301,101.601,0.0,10.0
2019,3.0,1.0,8.0,50.0,41.0,7.0,PERU,no info,-14.684000000000001,-70.127,1.0,257.0
2019,3.0,17.0,7.0,7.0,27.0,5.5,INDONESIA,no info,-8.418,116.52,6.0,24.0
2019,3.0,21.0,9.0,15.0,40.0,5.5,TANZANIA,no info,-7.877999999999999,32.085,1.0,22.0
2019,4.0,12.0,11.0,40.0,49.0,6.8,INDONESIA,no info,-1.8519999999999999,122.553,1.0,18.0
2019,4.0,18.0,5.0,1.0,6.0,6.1,TAIWAN,no info,23.989,121.693,1.0,20.0
2019,4.0,22.0,9.0,11.0,11.0,6.1,PHILIPPINES,no info,14.924000000000001,120.49700000000001,18.0,20.0
2019,5.0,6.0,21.0,19.0,35.0,7.2,PAPUA NEW GUINEA,no info,-6.977,146.44,0.0,127.0
2019,5.0,14.0,12.0,58.0,26.0,7.5,PAPUA NEW GUINEA,no info,-4.081,152.569,0.0,10.0
2019,5.0,17.0,22.0,24.0,52.0,4.8,CHINA,no info,45.205,124.611,0.0,17.0
2019,5.0,22.0,3.0,48.0,59.0,3.2,NETHERLANDS,no info,53.394,6.586,0.0,10.0
2019,5.0,26.0,7.0,41.0,14.0,8.0,PERU,no info,-5.796,-75.298,2.0,110.0
2019,6.0,1.0,4.0,26.0,19.0,5.2,ALBANIA,no info,40.501,20.721999999999998,0.0,10.0
2019,6.0,14.0,0.0,19.0,12.0,6.4,CHILE,no info,-30.055999999999997,-72.082,0.0,11.0
2019,6.0,15.0,22.0,55.0,2.0,7.2,NEW ZEALAND,no info,-30.805,-178.095,0.0,34.0
2019,6.0,17.0,14.0,55.0,45.0,5.8,CHINA,no info,28.405,104.95700000000001,13.0,10.0
2019,6.0,18.0,13.0,22.0,19.0,6.4,JAPAN,no info,38.646,139.472,0.0,12.0
2019,7.0,1.0,12.0,12.0,6.8,3.1,POLAND,no info,50.287,18.997,3.0,0.0
2019,7.0,4.0,17.0,33.0,49.0,6.4,USA,CA,35.705,-117.506,1.0,11.0
2019,7.0,6.0,3.0,19.0,52.0,7.1,USA,CA,35.766,-117.605,0.0,8.0
2019,7.0,8.0,7.0,0.0,31.0,5.7,IRAN,no info,31.775,49.542,1.0,10.0
2019,7.0,9.0,12.0,37.0,1.0,5.6,PHILIPPINES,no info,6.8020000000000005,125.169,1.0,24.0
2019,7.0,12.0,20.0,42.0,55.0,5.8,PHILIPPINES,no info,9.334,126.04,0.0,14.0
2019,7.0,14.0,9.0,10.0,50.0,7.3,INDONESIA,no info,-0.529,128.093,8.0,10.0
2019,7.0,19.0,11.0,13.0,16.0,5.3,GREECE,no info,38.115,23.505,0.0,10.0
2019,7.0,24.0,19.0,33.0,15.0,3.8,INDIA,no info,20.0,72.9,1.0,10.0
2019,7.0,26.0,23.0,37.0,58.0,6.0,PHILIPPINES,no info,20.807,121.986,9.0,10.0
2019,8.0,2.0,12.0,3.0,27.0,6.9,INDONESIA,no info,-7.267,104.825,6.0,53.0
2019,8.0,7.0,21.0,28.0,2.0,5.9,TAIWAN,no info,24.475,121.947,1.0,10.0
2019,8.0,8.0,11.0,25.0,31.0,5.8,TURKEY,no info,37.948,29.697,0.0,10.0
2019,9.0,7.0,22.0,42.0,14.0,5.1,CHINA,no info,29.573,105.064,1.0,10.0
2019,9.0,21.0,14.0,4.0,24.0,5.6,ALBANIA,no info,41.381,19.454,0.0,10.0
2019,9.0,24.0,11.0,1.0,55.0,5.6,PAKISTAN,no info,33.106,73.766,39.0,10.0
2019,9.0,25.0,23.0,46.0,44.0,6.5,INDONESIA,no info,-3.45,128.347,31.0,18.0
2019,9.0,26.0,10.0,59.0,26.0,5.7,TURKEY,no info,40.89,28.173000000000002,1.0,10.0
2019,9.0,26.0,16.0,36.0,18.0,6.1,CHILE,no info,-40.815,-72.002,1.0,129.0
2019,9.0,29.0,15.0,57.0,53.0,6.8,CHILE,no info,-35.473,-73.16199999999999,1.0,11.0
2019,10.0,10.0,4.0,39.0,48.0,5.0,INDONESIA,no info,-3.65,128.216,1.0,54.0
2019,10.0,16.0,11.0,37.0,6.0,6.4,PHILIPPINES,no info,6.712000000000001,125.005,7.0,14.0
2019,10.0,29.0,1.0,4.0,44.0,6.6,PHILIPPINES,no info,6.8020000000000005,125.04,12.0,15.0
2019,10.0,31.0,1.0,11.0,19.0,6.5,PHILIPPINES,no info,6.91,125.156,9.0,10.0
2019,11.0,7.0,22.0,47.0,5.0,0.0,IRAN,no info,37.808,47.558,5.0,10.0
2019,11.0,14.0,16.0,17.0,40.0,7.1,INDONESIA,no info,1.6,126.416,0.0,33.0
